127,JzH0rqdf4X49HgyojCGdVKzEE7pD5RswIeyj5kExkKaOpDCsIDROF90zA2jy7hGR
127,W6tC0ihNCPTMkSkZ89r7bZfE0hXGDB7jav
127,uWkB7ZTgIjiA0GFayTqz
127,KYY9MrKUL0WzAHJQANi81A1FtnK6vZDg0ZBV6fnZbHsKtmV2vHKvq7i83XixTGa2
127,yqSn7tSYYmQEPeqsHR234mLcZKzxeccwnKqDYTXk3gnex2sRtKk
127,wf392vOrBG1prGodFUQyI
127,PWM9q6tsZqw1out1
127,ybLEeb
127,n4FaJas79KlfSYwz59ZYQNNxYzutIRBcscjDQCwhxCGW3Vc
127,8ixhS6lySBtWeI0ErZ8ytKe3xulNPTDniP
127,Q6lroeAD5ebUmerNqmFWiBvlYaAjX6cuYA7KEU
127,FAShSRdD5PsB4R
127,pK3efNvJzj9BrJ0UOrWRcuC
127,1Fd3Csw13sftb50To8Z0TMGwWMBslDjGyP9hzign58Ior
127,CgfqRP1t9Zrq
127,QZmih5guRRait8kp3QbsHgk5nq
127,ALngbIcxlXQkOcLmiEIeN29TjT3M9f
127,rytAs0nYHYnDOc78faTLkVT8dFNKDmlOAk6HA8CJ4hz0TR4qtQaM2EJ16lcY
127,tCkQs0sN76g3a
127,RcnvwwOo2S68yYIbt10NdmgwGvc0tgrsJ2aduFvtIfC
127,UqVpS4BIorkXFT6zq6LhkiwYn8TeNLtmIUYYYtor9qnY41qTr
127,af51I89o4tuV7XHe09mDQCOxBraweENXQsbkBqmdRI1BV
127,qM8AEUybuyCQYFtYSDJl9028ch9luP7Poybecq42B2k9Z0X
127,LGNY62LubKm4gYGthdsHgsmGbmATIGviJSR
127,mVdQDUkcBDCrDD1An3Wxr9sBukfBoJ15YP
127,Qu7
127,D0GUKWagBnRkMfnqrEp4shdQj
127,Rbonto3Ay6jUcYSpglYr7fxAncPT9
127,R0yR30GvDFM5fm7P1dn5evPzLK2U8pT23nE3I73KwG4XcAwerW2w8hYmWSipmP
127,a7NpMw
127,Rn1ztsKq0NhTxHqPtDZ9oM1R8uFh014mqF2tPAidsjfEK8
127,HNWlIr8DxlguD8aTDpRAt
127,E
127,3y
127,aT9BDHkFgqUujBWO0thBxIbh
127,nbmJY6dDoCsTCdjA0AR
127,3nw25v5eKyx3Cfuk9B1CyMobx2o2gdemuTvJA1mL1a26gcFY2at5Nv3
127,dUbBQKYDaV1itIWCwAP8DVh5rGcEzHx0Cffon
127,rLbSMXEpdlNtb6EelgLdFccXPf
127,4Pgn7cyf4ingpyRUuq8ayaF4WeYdgmRgK4YWGtmwCQLSvYfdf4eQw
127,XR3i
127,0R
127,38hs4xkIzCOSJwJkwMdZiVTa5JeJYfYYbWY8RUygxBSkzJuC
127,zUis7F3YXuinf8pCDmE3qsV7TgmHSD2
127,4CL5I2m26HK0CF9tD1BcgucTogWpXiNdDJT6e4Ghprrv13Fz51LpTfT5C5sqN8
127,7SxtFAlTzvoYDt5dJwjlopcqPlbl0PAFWoqaYRQLfmqYXHV31mRs0NrIjTKvmzH
127,ZppNfSXzSe5
127,oCyxQRlsF7hmxcTWvHfXr7oX71CDqiRG1Nv6hBnJ
127,XkABQQINI8BoogeKX4H3bs0ux2QDL3tnfNgejDgVz9xO1EpnkSYdYneoMKY1YAP
127,cRI6QIA
127,CXyvlJFf9Ei2ptLcq
127,xeY
127,dIaiWhO7lxh5B
127,J8vLKCi44zdoa17FI4fy4EGZ
127,TNWMWYs07UQ3l9THkTCvYrVBfMV0FAgdezPur3Guzai95cyU3Cm
127,oKmCm6DJsijRmnt532dvp
127,cZ6DbZfSga7EeNv2DHh5CJWkp44XPG9Nx7eLxnPKYLsQLvqaeFWvZ9QluY
127,wZVlW5F0ivmJpwfqJsXsuTNfom
127,IzKJ5H36kfIuQrbZPaUIclWygU27pDcc17GcR4NAUm2eQj2ouycMvrvt3T
127,Y
127,C2f84Mb
127,kNUGZVgwQCIgC4jpL4a
127,1OLe7x
127,UdnkbXZw
127,l8bnYUlgO7DOhyHtMuCdpumaiIKObgSKjkjbuazZpwhu18xRlmee9foe1t3W
127,7Y4lHbbDvbLypfJ3zpmY4bu6fKyEv1aUSm8GAEpZCV4zloWcf
127,nD3PKUIZW5977gdUJ5tWWdhXUc1g2eOuLGE
127,DgNbcSrkhZUXVB7bWtFbZI
127,zaED0x6LtqD
127,hIpWi2KL61HsLvM
127,vj3lZeuikOJXn3LnMAvVKhGoqu7dC
127,SVDcXgMdc29DxWZdFibdoaq60vXPk2L7qwCtMz8i
127,na3YK0tAQuNS40AUdJdAnEUNbF9NxSY
127,rx9AARPYGi77uYQ1wybQb
127,QvQLDn0zUBBrEVukTrKGsLOaXtghDqJey2rppEU6NCf7byp
127,sSOYMYYOFqEs1JOUu5CbqBMg3wkyZ
127,3eY35EAMlDO7R09QMrZmZHpzYejcoV84zIudz
127,VC8A9fGUqAmMYa0xtLjJ6V2cUQsa14QCkhMuQsf
127,ISX5dIwsiczv1zJ8vwbdP8dCUwvWWJHMnqQavNR0
127,ZE3B55fGgN6pSBI5wnhzGgyoViJcMMYWjITXOorB
127,kAY1KmUh1brd5Mm7j175hg6P
127,xOiRz7G6
127,ri4sh
127,ecuXvKwpKLA7KvxaVzLZdjFJiWLP2BXkVtRhO3oxsRtRhbXW60MUffM
127,XhSsfrmYP5w5oSDU1KDxfSPl
127,iBKWjkQ4v3PJOgZnNy1tn7TboxyaI5KUQ3oSuF1j6ACbs024RjhgkSxDw
127,PengTcPdIl9hYqEB8z3QihhC3mYdnJI3g727rjj5bdiRgk4Cb6miTNZX9fmRAe
127,ugu1WjQ
127,bfrihsG6eEUnrBfb7Sc
127,jluwEOayt8wlC0tTP1FJ1RxlQJLM0
127,EcMsA8DHEkVawyNALE7njTLpiMS2pK1Gb
127,tYVFkE9Q
127,OVlRUreXh0DSF2x7HAqRGGbm76UkComClT3AP7HX63hp
127,IRTj4LhHC1RddapitPJeU
127,vhXRhYhIMyiialpnlT2fGGyR12M7xYdpwaUNOEcYTOlsq4v4jigi9VaHKD7blW
127,JUeasGnubfJQIWHCXoy7maALIUxiW
127,XyZyEd8HKwaS2KMmzvB9rTaIxxMzKNdtBzKhaw9z0VLz4bAYC9nrr
127,nRpkVRyBja4evM3WKTk0SElX2f7bWdyH0MBn5Tc14Ohsazk14i
127,zh2LkSufm7kWmLwEhNMdZhxNpsNMnAkwj2xCe
127,h6gYj0UFlkVNdSkyOLLf41q
127,JRmZ5adV6D9pQOSV2IxlCINzw84J7I45yANKlIRkBJwwllSfhcZakFp0BbywNJq
127,QfD4WMCccSXHoQ7gin1sRWtpPPYfKEUb5dzZiACtO1Eq
127,osZyaUK0TOQ9QT7RWjQFREnmi1QmudsGWpgG6qvEgVELkI3DrKrAg4L4i5P5jh
127,HW5nEJvRZHYU8oFlqHPjsUcu21Eh1mFXhda5Qt4g5tNN8
127,Nnpi78IZQ
127,ZBUQHQT9qF
127,j0Up7FdczdhADmHjWy9R1gGxj9iHjmUPMZhH6MXr2PKYUz8zKzEJ2UJ
127,q2Zlp1wBSur2umeI6Xudd4SsQYhIZ
127,JeF5WHm3bdqySTLv2FFkWzvqPGGXKpB
127,ZzzIzoSvqfQZBxlbHNIq
127,Va7Z0yR1xj918Jdj2F2mJ7ik0EBuTDRlylENA2IXzXB6qg9aLJmB9ywA57OrqQSF
127,Io3fceC12eTBJk8PL5gIGdeFYYVX2NSfPTYNlvnonKh7
127,hmF2s51Z0YHzfIoJUWGBhCGbT2Ubr1FRmRSww20XmTIMl
127,PPCd37YsIzE5OfxwETE7wA6fD0ME56Tv7He8k8NHuQar2xshm5H6J4G2L
127,vKJ7n
127,gp
127,NVKsswkFIbLHVjOhb
127,m7UamWPLeV42f2cb2HBAABjoc78LNSlaRq
127,Xh97e9lt56YD3
127,zSL1cwDulicLOyYNPtq8mdibQkm1H9ucHA1Wd6S0X50Xbg
127,EOjThseO9jNDgPWoqb
127,JJuJIPQdfj3
127,mo8n64k3fO
127,rXyJLGLMaYb
127,i
127,SaXPkdomkAs1OI1JGFFBqPUQFZ1
127,Q1l0Mk8VO9rwMtK1HX8uyoFqeWNYRVYwD
127,FYbErf25sSfVSg2akG22LaEGQczdqPq76Wt0Chz6hxNWMq9n1pJKt
127,86Zxz8EQ8JYVSuU5t64eV4Zqxqf7fvFwF2Goi
127,4gHbMw9Pq9OaBglFwoP7iU477irQyoh9az4bcBtLU1fdBr
127,91ivwWbaWNAt5kj47dw1HtDdzWTNAel7pymwsiJlRzd7fswlung23
127,pYQbn0WmaNyp287ZUWXKRM6twm3kIj3gXikvUeDvDVo7GOTldvhyfKycWgaT
127,bF7DDqbJIBl2jM5qSlpG9o75AHMcllXySdoDEgGGwo
127,EtnWlyJaFIaEbVvYwbEHlzyANMEqALGIgMV
127,yu8CX8aLZONiFFKYmocytbER7E2sKDVIHRejvLf39TvRTRBMEn309zLTi
127,IvpQxXFMIkAXu3T0x
127,UWeXJn7333X9qhZ4cvVcith
127,oIBsUzGIp
127,MDyTQM2qIU1i9sHcMVt3ZDsTI08d0nTPqXkB7bhS1qiFkOs5Iuw
127,SkpGDl3dwqRuvuafS92thOnwZE6FhUKOyb3JZRxRBFejOQ5fpns5bApKxRe
127,Y8YkCcWwSyB6eIB19Oy6dz7InhHgLha
127,S
127,HIxNbz4AW7Divpr0T3R5KBlBLq4bfWtFl5uYR95n
127,2btqG6QuRcPenzzD6AzgeCQoRSQndnFQlC4IPOix5kPdgcCsTx5
127,dspD17cF
127,noSXf1rxvMIZm0SQlqfORlI6WOHx7Do
127,EGFg0tG5qBYx1g31M5pkXCRitnkFksWsEm2fjQK3erxJibn6TsUkVrYM5RXE0
127,VPrugpz9j46qowjryM7s1u5rwrmrScMShfYUPhtA60rxJ5qFLGUmlKoBPHs4R
127,xLAEsbmPuNqY
127,Tj7DPG
127,k0e3ZWlYx1umxsmRphkqAf4v5GcknQXzrgLcpXurq5mOr8XtEPV
127,wnXO63P3wNwi5ArHZPoLFB0oTQim5E4t4MDKBD63Tl
127,3OdzaxkJ12RLuchMaodYGcXKBuIEL8UlgX1f6hQOK5xTn
127,mAZQPBDFPdUbC9och8uSTKwiutuWJ9pLsZNfYMF5YPU79gV
127,M52GXiVhPi6VOaX6XY9YSUA9bnSrJORRoCqhQPiMNJPVWcmGVO
127,lO0V
127,kviFQCVk0MuUP73WAZBQp
127,HoarGOkQECKy5IthlRGe59xyDHzKT0w1Q5Ca303Wif5Gr6YD6kJtzjiofrGuK8jS
127,YgFkxWm61j7qNxDjeN7xh39i9YzUhnQcIqCM6rt9dL0ABxyGa6564lSJ5iu9jn
127,awajYf0jXVLhQq5oc8z5
127,udTNjfGIPYYyDcT7GiazN75j6YvuC
127,fb4Vl8SwR3S0L0GiF4815QAOjbrbiesBeTYX6hyEc
127,Ncl5wutKbycpUut4PPhJQJhv7yHqbqpNPP0Flfov6edVoqTD
127,uZb6vFIbQeBHtOHUgWt5uPgDkDUgUTrrtf9FKEegVNe2
127,lMpob87YVyWxRuu
127,GjsdtaJSwyO3dFRVP6hDZhvniMM7NRWot3fXmMDmxnTmJefQjRa3f6pF6ejAZl
127,WTDUn8OVcNQCk9gP6
127,mUyNvnoYq5CnH5
127,ZSrbPSThmWcHFglEzqqs0iQaANVUWDRUtUaFqYaxVcjHfext2k
127,2TwsrMvoqAVTBZzZl6B6dX8BfPE1bCcEvK5bVk53XPrU2hwreAe8uRWjj0Vqr5YA
127,6Cb0XawOQCAwM8I555zbuj6piEe3nLOPQLGgBr
127,kmG9lQHJeR
127,cCWMUwHJTmQTYcw
127,EJwS4F7S6WNVxV2lPSrQgfrH6lnashkeszr9E6kFfUMKPd9iCK6Ds72uKgA
127,eAl
127,Y3BNr0
127,cyhgry6d
127,mAJpcX
127,K2gdXNs4Pck4Aw3ckHdR7W1xFqcljduCRm4mDgf06ZA7cCxoD5sDH
127,CEjNFXZj
127,907g
127,TctBt
127,UUOkEKHXbl5Q9XRliGIEcRjOlORTJYvIJ44HouwNt31sVyiY
127,IoLGixfKWh9HilFYcN1kXVsXbmuLr7dJM
127,0kAJawsB8ijo3XdLcDIwupr3JU
127,oMtz7lqw23meN6oymFZo5o
127,dmr0CpC5vGrI4PEs1NPk2CcNUJSY6Y8NXc8S
127,5DeOJCSpfh4eyngGll75HlOyEckxZhT9IUJw
127,cPg09T0EPT1szejqcnxaVDkiCOMRGIKhYuajoQKiQb7flwT
127,t8vaPH8AWCAcNdPuHWYDT9Mu
127,xeBC53snLWLeHK2AKeMIVmjRAK0YC2V12wS02Nx9575b0gz3F60nKPjYRU5jN6
127,5YkWjBn42ilhGHjJ
127,B4a2Q3trOEADlRDUFmovk0Xpt2oYhgc
127,xFI4xZp0n4jnEeGrdvM
127,M60SCAJogwn1yuvSUZ0F1
127,A1jamJLw9fCc
127,ZMP594n3G1z6VXaH3zXfuT01npXpqi6BRTYFFymnf
127,WLD079t8DAxECzWifg1ox
127,tNWfgzRYKiSlcMbbsJrgUDjNJTlTIKn5gbyLwT8pSbvKmKbjfcvL
127,LxvweG2uTHAzC9JQ
127,fDG9
127,DU9l4u5zj42rqplwcQdt25NoejKXfMIYKlJSsuVd0A5qHvjtfRsVNt
127,H6Ij5ekEWBi37G8pmcWScB0NSq4uHbk
127,GnN7b0h7dWnAB8nGR8t52iz6gjrO28WhvTal6
127,JKkg9PGb92DfL48Us
127,5sn1ukZRa8rXWQZxv5AaxkOKM417u8msyjyhp9rAFysq3xfxdCX
127,RotYYEopxEKoeYV1EZrySc7MtRDtv1vHvscG9Qw1
127,q3ZfUuig0Tr0XgrTnORIaW2QLnUUbqaMeJw
127,orH3YGdcmPA7ial3bYbFPbgVBphYF1sZMNvBAi9p7
127,570GVb04
127,ByOXVzIGrz8Fn529gbPCMt2tXMRfOCItAVxTxvPgkB5eSQiGSFGqBqEYH8on9xA
127,iwsMSOBJLEYkN4JA8DFNt5Ov
127,VIriRuvXsKbp6QLDRoMoN0enKNyLIYYVKNgPXr6Y
127,yWf4QdrSouA1zQkqY9ZnwPPwMCO07uE7fn3OuTBf6VeguMVijzk0
127,eZJMqzKpCqANGUOYjgBB2UmcfihdmYLIQb8Y3eqIGZ
127,ZyiEZVNRgM6GaXL
127,yOqLHaJHdIbtwjaiH4o4mXPOQ1
127,OpZWsLg
127,eBDIKuuDQ9O7pQpBPOOFt8TR5V7insqeOEKsqG6hztE076yVKRpizNIeesO8EtzU
127,hEz7HwyEXzVGVbJ
127,QISK0vKiaumQxBzWugQe8Ha1mS8vimx57b7ir6m64XYYCJvVNTMOzauXEVhfa
127,1lANn7nSwBuxspeUaW2wvp
127,KAo2Fc3RHZfX4TVHDoS1H
127,P4uBL6LJp6L3zWez96bwdWrL4THojkhTKTQ6Ab9Ad6cyVGDbHP8DMj
127,asn0uVrzXjEuX
127,2qpjgbocFJGEpyb0xDCPGBdFZbJDmFJMUei4QwIBdY4V
127,mH3zBXnc91VYsqzw5m1ND6odJ6Fhbc8f
127,I8A23D0BRLSxydtxniPyo
127,iES2Ii2KlamUqp8HanYKHSt90m2pOkkhEzS5QUBbqOfHGhS5vjNPj
127,vPXvxM9Kl7DlEtEpC7kixcOQeAo9R69APGnydjADIS8
127,LoqvVuTc79imJfWtw
127,yuentFbKQU0YxU60
127,eFfybliFYf4MqKJSoaJeHAinh0cgFYkr9zroYOHe8
127,L81ePJxR7a2hAFyY
127,Mpumpm
127,Doa3psuDS9tx
127,JgvzJtNzT3IXEnhWH7iiISckaUxuGOzbyIdF9u2ERiPkSPVSItsddfUsJ6K1T
127,RoIN
127,oUMVsS1fuQYHd7pcgl
127,EjPyDvdXxXQw4EVVWD6bELYlquu8k6lsemfragHoUt5cVts5q
127,J7QZLeouhA0xr05R6
127,9Bb4q59Qf9Ef3gLTUcl2Fhwzd6BYG5XVWk4ZZmNwR8HZAbHA6xYWiRti8Pq
127,XFee7wOQ7naHIsZuxdlFgZARoLfp2zFLQVCde
127,wcSSJ3eIWj3ptpylao7e42QBfuYq7t6N2uydLbQN8Z1UFcNBZEjx
127,d29sIgO
127,udihNhBkXxZmBwLAgdflkwEEQMuRsRGxvfFHaen71dhfBsgNvCvA
127,S
127,8GvAdNPyc9XodbztKwUOGtX
127,dO3dmkGnnrGbc73UlQX6Dt8Rep4y1aWAaKNCAQTd1E
127,fI12rKZtdE
127,9hNQeu
127,pFA8X0iJMJXCZKFL490VRAF18WMBwSV6IWcTN4h5Gx
127,OkARp3diwebjfZ55adzPmRmczLnCXxHYiZc1M47e09v3RXibEkS
127,5XjWfVuhyIKE5IXQXuRe3UscT
127,3T7cZ1DgHSDiTFHSvr6v
127,VwPTHufxZsn0YuwusxkHhsHWtvvOdZRwmpt
127,6lc7SNjrtblIMcOylohYuPB
127,yldWmXLHI6o43LXPf3gGMUJyOelU
127,8NsIZtrootABtbO9LorV4xFhAcvYLrqI5SLHa8Y078dz
127,c
127,eB6lCt5ZKZJ8AOw6N1GrfRxEphWGBXb43B
127,Iz3a2qYdt5lq5rB4nke6DmIY7yKSZs8G0Wc6YT9dg7NzL5JnUpKvVA
127,uHBgDq0Ij93h8YQ69
127,vW6AkLKn3OBoOr
127,PmGRXoJTA2YJfOEBlcCK8mmo0Z16
127,NnzOE
127,UwP3LArzE2IntVa6x9azfW6ml3RHgop3ha08497nfDpuYoWp0C5FUq93qij
127,otyy
127,v5WvKfJt2wTGrdcvm4jgLIaGLJlRyXeSI0Li3IiXJD7aAfipwH9u4F
127,2td9Gs5EnEeYNOrTYNaUtiAhLE
127,rX6pScEMSm9Dhuh69GKiLoOkOlsDMz
127,OMmO3xkIXOFb8n23zO9cQcPybL9TO
127,enfKZnu8bQJG4diMrk9aSWHS
127,xLOy
127,rctDnasRgbIfgONRLCbkTwo
127,5eqiLBV2QqZwPbJQQ62Gc2wFlmsJzgg
127,koaZpAN9pTA1a38Qqu4yXHnJdYQAugzAnHryp8BEOsZCU8353GPqQpY0a0VQw
127,uDsgh809WZssOCAOQzDOBuzxmgtok6nfasvTIGtyNsjdao6sPvBf6mqq4K6Mi8DC
127,F0Tds2PFJiVO60RmwSKgpmtjBv0xf0Dx45kinWe
127,li6jM7mMorOBMrOvEykmm1v0RrPv
127,9HoOe9Jlnl7NxZOxYGDSvnOQyBuGfwCbp7iy7xy4XfYyPS
127,P9g
127,bVX3siAQyC2urRYCFSiRR7RKKcGzO4ZxhrhDjNszddOCQ
127,X4A7G8fOOrUt43142eNZzrTnGWUhwTiwQd
127,P7Cwm9hdNS1NJoOuyYSHTGfhWXe
127,XecnCCY0NlpUayA5d5YsNg6
127,GVnDXNhpiWmuJbIrgrUD
127,v6eHPBAxfsdqLijuq3e5MPhKzUJRcunLzrRt7GihriJqc
127,GtCeWgitpQNysEFZ6
127,4NkLcWvxzUa3B9O0Ui
127,qUNhwN8caPswdbSA3eD7MQS
127,MDLHx2iEjUUlTLJ6CjmQ21CxVlTL2FdGjMaW1eYx06roG3KbqnkUyAz8W31FBz
127,u5p5SD
127,j3EVpSlsnWYHeGs7sSH4YiCxMsyiQ
127,l7tmRDL2yLej
127,MvLt1gd5a01JO5
127,DGpRTwAPsQ0weGZh
127,CrnrAsIcJIb9cu5X5ZUEKkZnmAT1eau4EMcQQkXvdHvcui0Cl9POz5SCjUo
127,Ma9WQ3vwoIk4vxfjEZBN0MErp5on45FQHwwsH6R9ox3ykjK8S
127,gyv3XmtdZujFwMxFqCFkQfPX3GD8gfNclkMBddBcptgNm0vkK
127,fK21k4
127,RI41oFhg8DIWQSrocbOpp8tNJVE7PmnfDjIYnp8NDVezS9iyAoPC
127,aHITMgIA
127,CIpQmuNdnrB6VCN9MRbHajrL6lQIPbnL79hMpIUYOGGAdxlnXU0x7Y
127,GBD0E0yMEktVwS15MoPF2c28oBWkEf7I5THgo7
127,R
127,aBzVxaHHKr2SuMxsKAmCsiCu0OTagWoSbMI8MC6XQwb4ZeG6d93YQtb4GVVXgQhb
127,o628c7JgDm0VxEgAe
127,GfFAq0Bb
127,reQypMIcyeMk0bE
127,XlCe6ymH8VtjUrrPYTbxMy2LxY6BILBL5vIH4n7tha60Vw5d
127,LCp1JJAhET
127,0CW4Au6AevVhQiK
127,IFAEuBQrcyK6Yo3oEdaqQLoEgopqCWAQ5WZ97RQy9usLciBEN1Hp89lBoWK
127,vwRluO4VUBI6g7bkHcjAufmMfE30SdvI9byD9dEuo
127,eGUYAEI1X8eCYkq2d0
127,Qatzxgch9Iqf1YMO5r0
127,gVD5vDaSecTSZylSlEBHuDAPL
127,Ohgh2xf0xg0gU0q2Twdsra8foSQ
127,DrUGzyC8fuJ8eZGDVr0WaEsni4XreA2jpgfPHyO4ZoA3M
127,Umg3BVBOPodxPNANwvdWZ5tA6EGuYeJ3NrDUgEPxe0KBhB6
127,vQNFvTk6vW9fC
127,yK93YebzZVr3o3Eufs1UnilBdBA05PHMaLRlRcvJ2Iqt
127,dgcldo4tGKssO1MdE91BGTPJyUHM5EZx1gfTY4VdUo6NboNUvSTo6ThtI0HK9
127,dEH7q3ra2KhjBDI8mrpL8EDCap9W6kuiPoJx4AzKzRIHuFeMuHB
127,UmWeONdikQzC9CgleTe19iL
127,eO43FEcxeXCkBOg6n8YJjUFW1
127,MYBIIkRdLo2BHO9aqZh3jhriao1FDj3D6msGq2MnW5YHLfuHpJYNApLxKf
127,7DX0849
127,KrCsb2
127,71L8hK0JdJuNzJfVz
127,5sn5P
127,ThCcysaaoVN6XdZehoVO9ZmPZOMW
127,4SqubSXaiT7vo3vLhkkp4uRlxEjXXguquPzq1TOGlDzpxK3BqMFQ6jb99R
127,N3OaOsby87L8BQhDSAI
127,uAOJpTDWFspwK4tzSss
127,wUU07PHA
127,0bUwJcEPRADhHifLHXIYUtvsyM5zinyqN1gSFSf0WhXBG2Ps2KqVMAFms
127,3Re5i7GmPr9mR9AQPP
127,MJW0RsGqf53DOdonflp0BYEgrgsirB
127,vD0XXDjMhlwQWWiIA6OyfEculMe5Pg0
127,0X5
127,EfMM0dPtVVc586vwcDcQeMCSFugq5js
127,SEBuNok5Y6zC8zd0Og
127,1HStIbWBVg2Cc2yJOkeEXch
127,y4DhNcbP77VrR6hCJe5AziFVYollZt4nIZRra10xroiQUT5arLKM6uuXnKYbs3
127,siYmDBcMHMmGGYv0c
127,3elzJgEd2T1wzVr
127,CcQO16TpnB6QlUHXiRbHVyihRkuQ4xT
127,9XQ
127,nC2e6eWMaPxnymjkC8FiDgZM1kFJ8EmolUbcuyDEmcq5S
127,udxAZwXiu94pz5R4s4b9MjMIlY
127,139SwOo2gOSJN8FYCwn4cuCtO9W5j40IrrzqGll
127,wmAzN7ajg8WtvEpRlNJPbSW7a
127,ucXJFQVefiUTdDDR2I4LKMTxKUQ8y3mJ
127,7xYKWzf9m9DgXJVMivJVBmqVbegRPyGiYYhze0vY8EP707PYJN3kWypSen7Mkh
127,BMCKK1QqAmCna
127,FR
127,efjahdj97o0skLF3hltVOW6b9PRpG6eB2Yrn7u0wZapc731k0VLPdX40VFWAK
127,BMZ5G5tmSAzBRLNjwJwxTI6LtnLtx5yVa0lqnEfCAqLntkiB9gpQeUhGedi6
127,fP5aYTwLFU5KjkQmB1DyBZjad9SzdnKnCGv9EN
127,W0ZO4T
127,N979JgcGA5fybGRYazPuz9eeEBhoR0pYSX8BeWmAIASVfYHfR0qR7XNd4OjA
127,ISDqS8VEefjRxpF8azvsnDGE
127,YANSnDbdYL1O4wgSb5rQWHz96bz3H
127,uM4ReYbnE265Qx
127,5gp8gh7iHobIY0jmepJ2rwSOI1gxrcR0meWqf04kN3jiSNR22vub6
127,A49N4kCyN7NeUoRkyO9GtPStzDtFH1fR2FlO6ksuR6xCXi
127,4VC9vbuNB685
127,j5LRfCIN1lHhywc9IW6RveECM9nH8OudDTgkBFRrkzzBNT33dMuwlgEsDhDr
127,8SdZ
127,sUDh6nk9PZFkJyzxdoIytwlLqxTthosU90lBlG1nnBOMfBe63sA6bNCVR
127,HCJOpTR51XYdj3iKqFnrDYOQ2A16JyZcxy5wb0YSIr1
127,JEwcrAthDErYkqvsj23nlqffe8h8XecWcrnt8xik
127,YDxkJeRhZ3PYj
127,U19tfUi2eIQPqzqfS4eUPCWmfyb62ZRom2xpTJenKnZXOV9kb
127,CkXcKZZEk0aomZYcWoMiI3nlbUa6JfeCZB0GvZ3gT4H84RE687QUwH
127,kQDCP7Yw89wuGuYT8DZSDyzV9VTYAFFpKjikFVyJq
127,mh
127,sLcobphae9qTPCzHhFaiFrJWrCww6FRyl5tAfUYdF
127,1
127,VL5fEZshDoHkZIE
127,RhE0oiV6HEGhP45gpt6DCv50dt5cENuMwjSyKBfwesAhAfg811xiP850
127,78u5yVmOH9IPaYFrNfmzG7JXF84shNPbeuXQ83S3mwkEetunQEziHr
127,op6sxtdIrGAy420AeFp8pgrrvcO2Cv5
127,uNFw0dF
127,LBuqTQm
127,AXNHt3qbySsCGMaU1N8f3S63sxX6RNpK0ma4SVLOxDNGXqq1dJSMT5KTB
127,ilSsGSOczxjNQUZw5dB2SERgPE2dGBykl0FBzNhiGRIAUh
127,SO2nUhiz3oY6WG1NW0D28G
127,G7L7Fo
127,QTiimOU26zpDJBIQqhXbcywFEHH84RK65DAz6BDn
127,vXqYsgTGpAWJbaN0zKi8P0qgUuGVKviX5zIxaKbK
127,w8elzvtok5PNNa0I8S
127,KFepb8cEAeZLJFIyH6NSWjFPnHeJqnfdqML1zgpXnPccZhfdo4akyK3j
127,HLaMQjaRf0hD8hCk997E903lVpPMfpbpCIFIxtuSCaYlmM1xz8yoT8ULAKJ
127,6P8p7MVS9WcOr6mDxk1
127,gBtgOaTZoHZGKyBKcKBNVF6J5aq
127,s49Wvv3sMOcgsBXtxhx0hRFNKOQAh3DIohUC
127,3aI59DKSBPIY0nDSv6MDljzy0n4JWQLEVFSwINMxYOGs6hcxH
127,0G85ghMwFIwS1rJKcIt6b8BZ2F3VUdLrMTZLcoi0TB2ieKWZhoF0Sw
127,SY1KezeygZtYeM1l6rD6uT5nhTQCT0Xo5UJ6MEbKrwEnipN
127,SkwmiUkirSZwXdcCHOJkUPY7sltoCpVFKV6yQ33XwYM0kFFxO2QcqZfHhX5RiQ
127,EEj3Jb9D5CL5L43hezMNGFiHeOSNkRBo8KU0lRcO8XOE
127,jA9yirf2yFGPXfhvB
127,kQrGp8i1onxKcHBfXkSwA3fwY
127,Idt6Vf7Wu7QYKeZg
127,33gWdHo082vlwkWbaAmF1xJNZYIxtHJv1Q5NmOxzaGBIz3y7WW6drtS3F7y6bP
127,Smew
127,NJjm46M
127,KYIBlBX3e78HJfMNZLHB7D2tPC0Ahq0pATJOgFrfJHmtrvVqYH6TdCPdnh1
127,fJ23mkVJwOROKH9MnGv4CJxcs875pCWlVkQPpLCgcopnKufVlbTNaYk
127,PA7E
127,MLIKsgWPRGN5r6MhhGGYtPeT3vqai4Dc1cerDwsl459EIe
127,ig6e5rkfO
127,BjA5A2
127,ROT0xHyGcYv
127,Mkm7tBcQrG2itUWxRvvbsluLpuELwX8YbYGc8F
127,XF6gJniar
127,RCt3dl6uo29YZkllQy7tW8wevigy
127,cJKLV03MRWhGYNVDXU5jwyJdiBkgHnprmg7lWaSPrlTjL20v
127,BUult
127,g4xPtDoNF2MtHJcLYLG8nTmAcXwhDlAhEKponEz
127,KcQ18TjwsqBHbAzb45Rq7TFWgjgP3D4L5vpzSzXR0xDE4TP
127,4Syw7fio8bM
127,LJG9N0YRmsLDy79iHQyGqQ47TAjmDGv6M6a8kVWbOtWZz
127,39aVoqDlvJqiCNCfJ6urufucBC6uhZnlOqW
127,I8LbV71nn1beNJqZuwXtALMM12EYQPVhzHSp4wfrDXRO4PxtJkf90YDoi3f
127,kLT2BdZhA3ZfyaKOXslPRU4KxnkpkcgzOFnKdtmznPJQ
127,nFsATTspafBGHoRnQq8E705ALD
127,df0EAgnO66
127,haeLTqwDYzW7OBeyd2D0UxKSPg
127,Au5r
127,7cbMOVRTp6KeQUEY7MnG49LgztV6qaExG5RUck88XuvRCGMo7f9FSXtm
127,dKSI1UWDbw6AQ8nBgfHwcNnIouwStehMwB3qADcy
127,FXLnyXLznpNFDcGqWoRykWByYnRO5cMnzsP7405SNKXjPv
127,rBbq35CCsRS1JQer2iVZ8os8usyd3ha5IXsDDx2p7N3vlyxAHNrIpWbN
127,2am
127,atjyQhDUJKgfnufBTej6DnTBxRvgpHt
127,Z0CKaaakyEP8J73G804fTqrStx0vJxVnZ406GC
127,1Wfpl96gjVG2JLZS2gpmAagcWqDSWhCHJM27D41H1T
127,Svijdn1kem7NffHF5mCwcY4tmu4nukP3WclFAcgWMzx2NA
127,fMIw
127,hvGud0U5RkqQdtAIrldHfzCCBO5JTUn5ZF6uEBPq2
127,aA6Zww0Ri4e3rmFoGxNT4EHPBmZ6vxVrbfRmBEuTzLg
127,GUYRBVyVsf7zniZ9TKAIL5iH7wW1TARuYciuD7DB6r1DhXYCKKaFaVlQuj5opHW
127,2zlyq77wQuGvMok8TZeufVol1iah
127,W2wZxA8yejwyA
127,eMV40s5EJHBiF5
127,3FdPIkKeis78AG0vPDRx8wi6yZfTt2FA3RABHMfW5eJXHf4VzBOAa
127,68aOe8hXqqvsK5JQBZhXLUhyRJ3luRH28
127,HBVcdpexCWtDMI
127,207wLYL2MbIF52Rs15lwXHTkXfaDylWurbAmIeszQ12osr9ysQrBjJO
127,6kAiETiQRfjm9FJnBronPFRBpobxuz20QTf9
127,H5qgSVBsMYO7nL6NtlPYWsDm9z
127,MVvNGqPYSXtXlB3DrbKkf87F39iQLI3mQTUQWNIAyYH
127,mLa0xqftaXZa
127,3QsNDaatgLFqE25oJovVwkuw3YQqcSpOKFatvq6TOP
127,iJrdPZ8NRTSxKpnZHxnuBr0dQJw2t
127,jIutup
127,f2LD5i3r2IA
127,4zFUEfAsKv8Er7TttPqC31Woci2Qz8
127,60WldFix2cmTJJjnXYZvLVE
127,ObRwhPzQnTQg1ZfPyHEDumhXnffKauEDSDTvJaFwPRqe6qEN8HVeL
127,QGgjXKZ1VcRob4NYefQLDhAIfQl1aVN
127,5sJSitZTpvlncwSFR0pP0FsfNY1ZtTcSSarTpkxgXGgGN
127,ixg54F1Te2pGwXe3Lnx63GUDHiwW52jAJDZzcCL43zw4d85lHKsAnRKBPjZ8
127,WNB3s
127,O
127,u6im5OYR3UHGXz2zOUcXmHZ226YFeE2GdD56zltEH7y
127,1S9nMdH6oHM74uBnJQUsVMUneNscC7AY6u9ahIoYYLg9SLgqK3O
127,mzYE5lghCQku
127,4Go90GXwThcUQKXYHba5i8f
127,ikhBEAoxU1JSo6jiLDn7mdVLBOsi7yPRg
127,GXy41WhAQsL4SCzq9WsgJmM
127,kTtjcerXnmWUcRvXXlpvOvGJNSrPAGPNBg33Z
127,E0V0fijkDNgAzzjaDEc2rWbAq0wiKI0X5MUGgwDI0ew
127,updh2pB8AWLxcRaeynrU
127,AXdOoRArCKYReDSnjOZhxnDadtPXHk
127,7MZNBxpY9VuZ6tOH02epbktadf6T4DUMYXSkq5cPiALhDQ
127,bwEfuOcxJa3uK9RVbdcp74EaSzTWRdfNLyhJst4
127,l4sjicSOsjpokpAWapCTeINj1SIPHZjDgrsPb6hjGQ0Hn
127,ly3qX1gr1pwSpEB7QrJZ4HNkA7wc9nGSOd
127,KgVXldRoDOWLnIlmNjDPQTLOYaOFHrzk7h1rMKhXA1tjaNgBFLMtJv
127,l4tqMZeIqKeN55zijK5
127,dbtqA5kZZ4dJxM9Q5zTKK8uRbp7idQBxf0vAsqAc67M
127,CgIfrBvf21eMgxXSQpfZd5uG6N3Pu
127,50HGeVN0H9ZO0dgRXql552a4
127,pB2zPc8ilhQfKQhUvdX0n3QFhg4MV7YvdGJXA063IJ3k8QvMPVXzHUA8ViELST
127,tUuTUyoRaG6QtEhCF
127,5O4INPizqPzfhrltodX19SP9AiU4mQMbs
127,Ehu9pNTf
127,FS7KE6Qua4BSasvET
127,Vi1iHDEEwzg6IAx
127,QcbyUKGK6fGfMH6awruLEGy6AgLNAQHOpEX
127,uzbKtFUTMawVg
127,amquXexP6JzA7s9ljqGRnTRfy7EI
127,1tRtSd3iIdWndRgBx5tAORl9O4jApOS8s6Efg6lPHJ
127,Xe3W6xhGxr01SIdHTpBCKYHCdGUPIseLOVTkvTulhDomwiUgzVPg03tQRi307rCu
127,l6kChJFdMpCXfUYLx
127,Kx0iA3axSooZn
127,nH1H
127,PDas
127,0irs10sO0j9nSeE3D0
127,JgFMkZKDa1TrzlSsYeHmex4q8djf4P2O5sZZPXrBmejMTCx
127,NX9Vq2Gq7T6t6vmCKK0J0mAvzLuoVI2
127,Y0e9fjjuBPct4PHTEZkUA4VIjxf35qimwpYbExpvoWr
127,SXJ1VIM5AGXbHAOXQ
127,CLGJR9BWzSRMiIQrl4Xx1D5XWoR5PV7SmnEy61Zzo9JBSIE
127,WhLOhpyZHR1wIe4MXs6pfZ2w1pxLYAxdr1LWNZZu7qiXD6sosKLySF
127,PH7qpxOKNMORYYwWjVV9IuxFGypCPZEJrabiVU1x
127,VQXZBONJSMJzFW4pilU1v7JSgaG2CKKaw4oVlRVHZCt4ydLrbDIWJmXSVYfqp
127,Cv8zJCNqQUiUOnZHHxiAolfuHifYtQ82a8UOA8PbjphNfoK1loOMa3e
127,m4HtVYWEUxBSzSfRYRXZHc
127,AyhBIDyoXEmAVxti4iAvzWFmMc7O
127,GKKueED0j14lP61UvCtAz0LBw1F8
127,wuzYl9ETvw
127,Uk6z4Rxur7dul77LifDaySZug4FYCvh6bohHhOmBoRSUO4UwreYh2Tyy00MMPno
127,qK1hvtkQV61PJCSG4IsCwLJTv7r
127,gAP
127,4yPJttB6FDd15vv940O8hR3
127,axShZLmbHPCQ60oBcdSInTooKysLUoY
127,t60MueTd
127,ifEm0hVaLMj01TcV8WiYrEtdapRuBrHhjPSBMSNlYaD6c0DwllZbuFa7mh
127,6mRjfNTxiB8BkctAyfBsdhgMUF
127,95GQQTxomrSWiPwbgSz3F5ZGTC78xDB4usVQIDj9U63o
127,nK7rGNrQObC
127,unJ5LnMdP
127,KtFVcpmm8t9Z0NQLnRe4MjhWTrDpo4wn7GUCwi4tvRhk
127,cCNCaRl9gdEQHdE6q63XsGwb1tambd0yQTVLAnUp0H1JGNKcuZax6yFiRiZWGOS
127,1IGYpL8DuzyNmd6h2AUuXUiuse
127,wxBeiQo6dYIK6twAAkcaEvHlZa44c9JJpYmwNT3QUEpTfmLZuqEFrY
127,rky
127,OdcCSHv4T93VlwKQBgk4e1dK3E6tq5U2kCUlpx9ISs7Tij2B1fy5FZctF
127,vjwRQqxyOi2CVSMqI
127,kHAancS6U5U0IYiYMl
127,kBDLx9XJ0qb0BicaUnIPlQ9
127,Fqdx83qbqNQi18QvUyPtgEQ9GhG4rOms68rhgBLd5dyjeK
127,fv3Bg
127,5n4IaoOEpwUsygBKRd
127,M3Mk
127,qmzVDdtQ82T8zumIMjcVzTOg
127,0GfPWWsckVpcgSa2LvaO7djRln3MJ8fZrRm
127,FvrQ4kYDNSnOk3VvIrTYXp
127,6Ncuf53BR
127,vIil6JUGhO2K49e95EIyJDUU
127,unzOTK2
127,4YHcWIpnlC79Lk9UDASlAqOg5DHj8ZYediiymRfXaMpZ6nI4SLLPgQ
127,FvSZ70tjHx6RrvEyC0v6Y
127,ioMXAwgmpbg13S73cREZDp6oVZqr9j672p1dbD7XC6iHZST2uEL
127,BsgTbeIGIzd5K
127,Odsnvpu5Mm3P6mqAmcVzjae3qzswGz5lWprzRJ
127,hFsSRStlxjOjyYrI0sR6CBkZjM9CzEqVXXDcyFri8lAV3R5svu87WDgQDr7a4
127,cbm
127,5lbbEv9ClEG8LVM5aOOb06iZ5m7POOKcgmQRvNa4cHIlCXEmLokgH
127,XVydH5Uv9JhfKBd2D7nx9iFDxEI
127,GUTl4TFXF8NZsfP1
127,a9BZ9OMCytRkn6keMtRpd5xVo9XA7hKEdS8fWMMsD
127,tlyaSL2UHkN9hIwkTHZOY0lJDkt37LVQhF4
127,7FFACqujPyEoSA33nRIgFAPiVyozogqC2GHG3Q7dls58
127,tj1O30wZKisyOIAYNJ
127,nXkpmdIN0XZPuoeyVW1OnMUJcrrag6r6tYtBtMMWpATRqIKDS
127,MpIMbzX6sA0vz4GRPEvApC57WZTlrri0b8
127,Hn
127,1R
127,CayuZFKUWO2qgyxuzdBPuMy3JD6bzxqWKP0rpmrO23NcuxRl
127,8F1HY0DtyCtuxif7xIZqqbGipyFlYUxF2mRuPXn3jqkI
127,Hkg4pUkmPLKCkMdZekrlWJn5PR0g9Zk7qWBfxXK
127,QApiXBa8ipCEppgiRqkAXXN03b0DM0p8YcRAUWeZMavEYMI3Hlo
127,uqIAKZYeDv3xuUhoeMPYz
127,J7xxlWfcJ08b42H392UnUV5AjXVD
127,7yD1YEh8TbDRWLpf2
127,HGypZKJlpHV96CZlZnux6EBnFe9vnSelo8Rvr5metijZ69Z1B4w1l68WVDJ
127,zJjnvsdstmmjaUNBIvZmgg5dBXO1enkkiYwjH8zutUjeJFtK4qoBt2pM3aKsyH
127,h
127,YsyufGhIzTiYH5ukEWdLTAW
127,TgcH75xqYHhEdkrsCHcKmLXK3wNqJuPbKOOEN2gaI4IY
127,gzDRgq26
127,WwuDtH80BJa9
127,QCCFtdWZ8Mi9lympNSdbmOfGKksZjiSm
127,tahOccCONQ3CoxwohmjDy0
127,krLWwrf0weE
127,BtOOI1W7u45iDV8n4Z37wD7TEXIVEKb44Mi4E1Bo
127,Wmpx9GEr0LG2
127,9EwmeHPA6D0D
127,QBuI6yFtxM7qf9wlFyvPAO3FmcNZCJWQM2iMw7IbGBbO278lyRexsBt
127,PS7Q56TwjUH7eI4koJSYIntyxpTpab1vGmHoKjG85pi3jsaBtMzP0KxfK
127,QF37wT0vfjmeUHIGxd42u
127,5zd3
127,itQ6tchHTMyN9dzG70HzrpXz2KKtUsDHLbOYv1zF37AR5SjplnNow
127,SVy37
127,oAd4lyJueMNmQeP18EW1TIwETzIsNIoZY0ZuLrg4Ftje
127,nZrAV0nJukIRzk3RVqR2CB4e
127,2hckqm33ORTCPYAZaGtcZmaGiWqNkkqAggdf
127,F5LtrjrcI9LyM8HaKbXRZSdikyLleJfQzU3c8RRcdCFTjmpNdbUYhFGb
127,79OtI0may5gZzlekaqvmwGHndWTc2jyMJt1X1C4qrcdmfdIIzCewmK
127,C8QThFXi5m1ZlypA7l2p2AUaBKRAcDjpBHM1E7mNdTsHuXjlaYHEusp
127,nWHakVMDhBX6GPfdx2f0
127,pWzaABUztFZg7fKer0WAkQEYP2zQuS30L5wtDEOL2xllWJ6xBE0Flcr
127,QNNGhUvUl6oTZfuWdxMAqx0wqh9pGW9qf
127,uHCYiYmHDNjfQkHlj38vWk
127,kR4h6AotLAyvN3A0ZJGoxI
127,WUDSfNHnhgpOOI3dETUfDnEzItLDyfUUGhRHXqSx0pjVkPrAMw
127,wPCXR9khKqoxjG3nGUngRxm4yy
127,GU76llppkwseKUeFJbP0ONh2SZIjMvI9SzuCdpHCsEioQneS6a9DF3rEpx1Tj5
127,Uhb8jO7SBQaHL9EzwoPpEIq12iIAHgD10flQz
127,hODFGqJkdCEs9ePwtP9
127,OLN5i7ChzSm8fK384mRMgTYm3t3C7mPmMEr
127,zoiwOyw2xHUWL7QQHw2KtxywnH90W0UED9WJpEv051EOhezP9aNnMbCzBxL
127,su5vxHnOvmRUn5y9Ys
127,E31pTvVLlJ1JKffa5oQOg6wSQ0VDri6t
127,5eELJazJC6bdBVy5
127,xvnhu8D2WKrsZ8prZs0Ot9x1duQ0uRixyE7wygNScdUUoXqrcdfrvgOJZh
127,L6G0L7NEedIn2FKAPrhzq
127,eCkgWWtZGcJHkqtyefLTVzORYK9YWRWPI3Y1b
127,UGqm7dqxiKF8SX1x7
127,v89w4FFYh6k7l6iRM4j9Oyn25iYQqDLQtGgpDWhFDmuUsucZa
127,IlSP9eUiuaUQzfenJJmaIKYbUSCG7pGvEWJwMb
127,OZGg93KdGXKK1hnjUscMcEbeyLk1hLcJmcjEQsuqhHEdaOn
127,geRZv4gpm6qqwzNmjuxGc0606GglPGFrH17sOQ6qUfdTNmY0IEz
127,Kgvu4NnRS1T
127,R0m946N7PX6IL5HjmXfmynZ9sIQyHOJwd3vFy6BvgU4lrStMyybl9Kd
127,FAPz8p9SQ0fJ1O9PoAW907XLvi6jTtxYmdqUECsmx8KVh4HYnhTxLI4JTjys
127,eGmcUn9cYoVx8NYt
127,5vOoAw34FVdG1pb3Y
127,VCDU34DVL8KCG
127,ep5cexXPb1tx2hdK5Pm4BjK24QA1h40OzA58cOsghqJwWeeQJmrDhfZ9fmfD1XE
127,iGXPblkrxHjgj34o2V5lnxGmW3OM24lf1D
127,hWMvZiDozkliUMILsdvQ1jM
127,C
127,OkE9oXAGK3tPNMlwS
127,bSj7S2VlLl4FD7QlR1RlFriwMTTF8TyNiHsyQgWZDF48
127,cqmb8zUV0D7ARVhjEODzzuPU5UOoymv
127,0xc95zgMzF0F4Cc4aazVVpYHrdyJExAG
127,BOMY5Fd31sJoVKLWhP2Q4645QEAWyMuc6RUKp0WLheCOK9BA9
127,C9hAyXnY9NMHhdT5gPtcNhdTJY9yqLgxUpd5C0kvmCrJA2dr6yLZx8HMoXYui
127,hmzeoIKEkZRXLLwZMy3tF9L5BSCXJL4J6dZY0r4wC8qGoSTrnEAR2v8
127,X6ie2vUonuiFVB8byYwb
127,CQigQB0FD1wSVQOMuuccadJ
127,nJCW0U80C6dOqUbGnE1SgoJt622v3BYRGiDnpYsMkNBVEb2yQF5F
127,QyH6OFqsjipg0b40ixs8HNv4mXRnojnaYlrI2t3EyQch
127,WOOaNS8zao6m7dm6hIUgRPnSSt3QPzHYxk67O
127,STIFhwStMIE9v2xz0Wf3rxhpXz4yIWI3nK1Zw8IaXG0
127,5RbpWawHv5mBUXfGOzmKc3vV1WbcOdTECp8A4CSifqj
127,A682Vehgj0Xvnl9SIAAfs8Fktn5qmGCCXabzHONDp7l16nvCXMW6
127,LpjULF1ewhGEuZSTZ7QOx1ddEjOoW4ZeeXHfedRU02AFfx
127,FCjnf21Hl8MmivNvXoezbv1UGOjs83LB2g78sfF9po53hTIUVNJbFWWKdta0
127,H9uqY8JLB2LXejXSZaaMjXee9d0x9puQDImXfIwy0s1w3dg8Cgmol1XNlTSdR6a
127,ilnA0GoDpw7xEAuUBsI5ox2iC65XneVeZIHsKGLFsFg
127,5RtY7EwPoL
127,4cFeZs3wmxchN9Nw3meTLNb4tEcT
127,6sxqvIyN6u02ykUMesvaDlAj5AFfvgjSVlhQQFbk7zgtLdB2LU
127,odNDwW0DVbpQCM
127,N3UvGPk2ChARgllCyBg6xEco4w
127,EbyXumUPltmSzsCOAUz8Qd3Pds6Xaanz7Tv9
127,Ukn9WHVoJC9APNPdmASPGFOV6luiQrXok76wSc1CG7KlL46N4hL
127,FdzGMMVJl
127,Up1y3OJEpFRxSqeOx
127,0iT3kZ4PZ9f7rF3tsn3oBPP
127,6uaKad57UHD5hwvt6QqGQdwX7wqdGrLXhjGZB9xDKgsqSyXvuU7zdkNQb1J
127,iv8b1oexi1ZYG7uEpAtvxMcIxZya87ee3tnHbJ44RVGX4B6y
127,aiTudXT6Cc6b6A0Cizz2H
127,7AoPAiYxbn3Zwic7x1qHwhp56avCDdQTOHgEckqZNKXh3NZTXVD1E68uZUGIvo
127,RDbb4Q9R5O11QjuzoWgZhNXyvdEYa
127,E5EcSZNK4TY
127,JaeeWGdU
127,N7ExqQrKxsfTadmFYRI9mA1FC9zsyF3ryq
127,eryqnP313YFc2BmAkgVZKL1UA9
127,ZEOd99K2z2GOl8qMmBloZC6MHxvf1DWA3ov3luK
127,74FbbSv9CTLjMRiW6JkbSszaHewPXQqKDc
127,TIdDkiBh9SEzLMdjA0GVxIC4uC3eOCPM
127,6dT
127,r2OauPYqHlGzavuaIbwMwevY
127,Mqf
127,fMLqJdf
127,zynU5JGkwt6AqG0G5nGVAqPAzxqwkTSf65S4d1f1DAOc6C5oVO0e1BZQo2
127,cZBG3sNfaJ8VgnbD7Os0mCUjiGyDF7jyyYPiYyD4LNjsky4
127,Fvk7JA6kMhu34ZBdcrndzbcBGTzOY1lAR5gXd0JPGp6Z35oMyI
127,Jmk05iKgUhrRjM01oFP0eLxPweZCZjGY8yNAuYWtFFRLiglaRTMT
127,PvpTMHf36362GVbh3kK1XyMc0RvfgV0EaTroF2LeV9RLyTiEIQy
127,mJZkIp81VP88RHcdUOmBVSvaLZGvYrYPYBNI
127,2nnP2tedxa8Rb5k3XYS0D1BfBpy3qLtHFldl38aNfFzpHrIlPlgnA
127,5A78miYzH
127,dx1WQKKZWv8lAp1D3lUPbS5HlOJcen
127,R97PNNYmf2qSbzhSCfvWkqF3yhe
127,UtTNw6pseziulPDxOHGzPuWeKkUTe8jS
127,a4eDXh08J6WBYbZWGoMG9MhYjPGoiPuU5SDjSqhjaLS137pG3ycuXkeIQnN
127,kHbc8h32f8v156Pv6yaYTXr8Sy7wo0jEDtPFbiXh2z
127,c1Qo1sHxPcO3pKD4TA3vk
127,9A2bpkGi5pWLNHhx23
127,QjQZ5d3roU9kQ6VJyM4J2dTbbB7QGPpdVK81xB
127,MjAxsI6O9TfjUIWD
127,866T5cBGfL7w5VdFhNiNbyGAkiMfcO19dNeF1xMDEdj9MqHt9BwKqFi
127,pPsjRDPiiIpUhTMSf3PFk7t02B6GuBU9QVuH1xTxXB7hvZ5HNclHA
127,VUV6A3HOPXwZ7qqqTB2Zff4rVH
127,tZqVZmlWjnoIaUbsnoigHJzwd8ro7Pilalfrgph
127,29EBy6SnG0A1w9pExpmXo3C1RDWNKDXTCVLfNLN1nK9iq1CQwPqkRcJL
127,lXMkHdfrJL3sXi4GDqT0gaenEzAADGoW2ksFhStDDSoQ
127,K9CAhJLYxBX4EaBRPdfjH5Iqwa7W8GfUcr8Ql0nHbK7R0vFvQPQVeh
127,07Og1DxKqi34osW3aeDDRuAPon0nCzBK
127,GARvpXcv
127,3RVV0QRJZS1f9uguyN1EMqJBnSNa69YpsllfSczl4bbWGDP89
127,9d85vXCwvfdpUHH6vP38OxHcj9n8HhvAZ2mR0MtjRAacGzB9r7A7ae1ibiFCCk
127,IyxuxmnnJnJUOWgRhABjORwn7j
127,sJTRNCZcxSTcxDqbAV8la
127,jC8M9iQTBWgPpbtJ6rWlUUO0S1qXTezSYIWI5essq2GCfvH3txKjHgpQ5
127,ajypwPXQd8PCu5T1h2sF
127,tGAATjSKlOnfT0Im1nkmfnur7fViCebDBzt
127,djKfQuRMa8Gk
127,wC4bfhncYF
127,78wYXT13TZ2rfS1rm8fpmBhmnHqMm1kl9exQC2qaA58G6c2dC
127,WuZVbK5JvVrsbHq9k2kLkpKqUCpnJGZ8K4C4dHJP
127,rz4vJpVo8vWcd69r3Ikt3lY
127,GvZnTMR2Wymk8E82H2x4Z0AE1XLOyvMGmjhOXv3
127,iXBslKfJEg6uCvmLVkR
127,P6vfarSw2vt1Ga8lo3ntdzwbDmExpSqFIjI2tpdTv0rEvvyOQLd
127,30ZQqJ
127,UuLwVtjYcO938tA8aykhjxguUwnPpmcUb7NMO5VMieaUDBaqO
127,RlePm
127,Vr4
127,PkCKKEyikSI2cmMDemogVlUXepK94
127,clgWQvtQcewj5gCHCkUXu398xfbSOYWaLlvs3tML0RHnQ8s0pXGzx2dKOMzg
127,PFBusn2cSDzX5xKZsr8KsvMeLELNUTV
127,ZjDoOgVyZMCVAlN91zTagglfUlGlhjYzfRBqTP1cx2x8l7KsjE8wFsFa
127,x2aEN1mK6RjBc4z8gW
127,nmgxcCKXWEbCSEXIkwFswa8a33QVYKysyAu
127,NHLgWpiY4t
127,ATYQn63
127,SBIdaehCDMHYJzCbEVu808Gk6Dr0YkKYacKabvztn6djxuTyvaPLipdFDFpqbu
127,bp976fM8qPUzqPpLBG0mIVf83ledFMESIdgrYNChW49Tz1KTPG1OuroeKuUFAN
127,Cdz9eDPoNUbpUdgkDnAIXfRgCVUNxcffkwcpZvWxHkp
127,DH0TeVuDWNA
127,ueipa9HEytyLcojJdmfmip5JCWlnbsIMjaJtae4QjDspu
127,xhJEGDrry1Po77N4c5N34X0sTkuBKibGimzXGoq5E8MTPnebY
127,uSwVDcEWM8YJJiE5Fk6h73kUsF5x
127,sV
127,Oi6if7XWpJ
127,5JGTsCjJa5M3Dgc4DUrelwr8n53uZzk3oZZ
127,Ow9rFemAGvLNBfwWXbPRUJ8ip3MbSYZqtl8crIdy0qRLS
127,Pp16Jg
127,WkP8jsEDzM5zvN4X3cEoi
127,63BOF
127,uxySI2ACRVLh7k0pDQ3EiDlL3SfQDAW62B88k6A
127,iarIxKxnWXZnUxuXvvNqsykNVccQouOVpaT6mQ4g0Lt00ZwPvzDRu
127,Y0JtLMZS2Y3VszUNLXXJtK
127,IM79FupGaTTgAeeECYRT45O64NykyPlRmaemEsMBSmAzie6It
127,MWhaAJc
127,hAW8S98GiS6mnyzxZmfbbdM5jqj85FaOZohIwGUdqqK81oVF3JPg
127,4yDhQdrPjjs0BLgXbCzN38p4zVLwGK5rPEC2yh
127,vUGwCK17LLEGw59dz1OGwQc33q59LVwrqeeAtRRJ6Ks94CdF26ixYuz
127,E16bH3flbLl5Swf8G9yqMbhQKMM7MoTcUCGhQ75tqYTENGLnYKY3
127,tz4HyDR5
127,PKkCP
127,ue4B1iaIcubAO3GnjwqXXDdy4Io3juvI
127,GCPeDHuZNg53Le0EvIiymOgprCMI5NKon1na13AyKgqRS
127,KL4qc201
127,HGu6rxJK5CvqzGEt9lAldPs
127,0VVNq0Mer88ofPVP9y2FdreUczefkPrINiTmJeqnWPTeq2qlqClM8
127,dmJnPnXairq64Y87ILJfOljBJgQCNCYqAuLsEBj6gwhbhpAWKTExrnYR6iZ
127,Y5U64tcNYvyJkmMke2q9sEqwDX5MbKiGI2dc0qDF8twa1Sv
127,NgtLUoTwFGVSSpUSkWHiK
127,xfRNAfx3X
127,vHgfuuGg8CWvyTXhk2
127,ZHssGlMhEuCiqtamdYs8wJ72F1jNK
127,PHmTw0bprYln2UXdyChL
127,HtfSFi2xAP
127,7ZnZ1A9iye15WOOAfFThKKuK8TChYb
127,9wHzYgXqxKudy36olrljaC8DDN4zIRJMiuUIkbKferqDhLHUD
127,04j592ersLEqI4FFg1ZgF6M60CVrzrnRl1krNH2P6wMQgdYMU7GuYjtQAEc6
127,RJkcnBLdDSkhIUo7OErcijaB8cdns2AWx
127,TwbgKMU3R959zR7TSyH0v6zBooeziu52G96ilcU8KC5j3xJFfls7bA3nr
127,OucRjRjb8JzGBTizA7
127,5NsypwSlLTqZN8JmIkTNuK
127,v
127,yi2N7twtlaJo4tO0kOX5xrbGpsq2dhjZSAlCdhC6AtF3tUYoNoxcnSNIsx
127,QNS3TW8qrisT7HtvUnoXECIz9cBJj0yUcXNA
127,2Y3bmxCDrNcyiwGrYxGXTcZ0IgGkjAFdzpnH0a9vWIclThq
127,tWc721He1Ixedrs5BiflUNlt7ayDTje1FKk8rFYEt8ItHwt7nWsOwvTf3uCkHp
127,eBeWPhYL9c0Oiw7ZO
127,jqJqFwoF0NuX0jXF2b0wsi62Gx62N1VrdJp
127,Vcf0a9v35xql78mD026MrAlAF3nCGVBvII9itpLxbkWNvWnkUg91aa8s6q
127,667R9EsMKSoK1lUYysI9Y963QXJ4LsLhOEjo2KRG7LLQYWab7OBmJ9YIAcR
127,Rqf0B8PjgCJq693L51O4S8Z7drV47xR6Ie3t2eK6dEQgG9fiVtA3IE1IdxKCeYY
127,k5XtmPvZXFGjeXW2Z3U9dTjjDkOVFAarBUS1Ak
127,iOhm7lKDq
127,M2at8hSdjCK0kLI2IjsSciqVnf3mZKd
127,6q1Lt17FgtZbC7aPfzSClAPRk26jVOuiWucQ89iXHww6aK
127,vYTr8edp82AB8uOynXim
127,9RbCPhEeiJbw73xk0YWO
127,u9
127,blC2G6Met
127,0e7p7dRMMPT
127,6K5GoJK8tIqqslrn5v6YUZSb5qciNGS0UXkPKUOpL1uousgIbhGa
127,KINrxkaMOptntUEGYrv
127,00Q
127,oPAtGlmYNm1n4oBo4Z3P2vr6E
127,U3zmvZ59iRdWmea4NXRDbnf2GbKg8
127,LdwxrJU86KuQfg6eqv7P6TurgBp
127,h4FhNZR9M6JxX4ea9eFrEodSvxjLi3ODpB
127,Qa9rtnXqlSa7FYxAF4LTFHH3563Z8fl7MN2NwyROkRAXVOToKcAZBgx36GlX50
127,8mm8mFw2J9RlTlnNDOtoY3yFoWpKyRUn6X1rpoi15
127,qgFZDy5SmV3MtS8nHNioVo4GgUxoMIMgCqCTnKA0wZgPu1pepII
127,HPC8DN13NcDjU8aPwwNCLsvbKqgEA3sJ5i9GpgNueSCtphVfNipqP6PUA
127,d
127,NI
127,JxCAKDKBuZjzPVLMmB3AE0F5F45f3DHvIacZqckBACAUw4Sc9IKJjQX75
127,AAVhLzav2WX6nKez57Llm5kkzxhW2JbiOuQgmRr5kuamT
127,c1zjmdRKn0XmtUgZCYyxICBvCIQAxXy5
127,0aeEhhCIatQz2aaO0igcH
127,lA
127,KQ6NLXZbXy8zP
127,1fn1Q2NAtnBGm7eJclT92S5Jk2EWez0C4USOiVLVmpfhWZlp
127,b0P5qkaXMhYfCHRvCWf1GBNHqVz2QHuC2tEPqHAExK8ZQVGy95kt1IJi
127,eF7GvhEKz8rCERN7KuKKW6qAOtLpucwnDWEFMA17v0Zuk
127,mWNVs
127,1RRs1QAif3UWAqbrwpG8QlczMeiO1rI0zv1Ssw7dQdszfHuAZh
127,rbzM0atbtVJYPi762f2aD1pPhKn
127,QiEAuGQSq8IABkQjRTBoEw7YFGs4v
127,5jDgc0yUW4HVUYl8
127,kfn3GCvfUx9cI7sV2MOpjVrEp0CF5xRIH5KakUHXnlH
127,XOl9X5jX10ghGQBQ3L5Qzs2zRJAO1wcK7akZnKcaYcNq8VHXeVL12WjU
127,rpCPnRJZ4cQenQddEp1RLFk9J83HB0QGs
127,3x5t4GkqeDqzGsHWx2OykPM8DoteGua6
127,3Kno1DCNFq1cqyz5AGp0dnKWPo0o6JLmgNe5m2TbZK
127,vA4Rki46eWp19THnKm12ZgajlEszvvXr7p4WH1L9spzniUkLV6rwtq
127,EKyfCOwXlaW2VV690PUt
127,PksYGASttwezIgiIbUXKoSrovzdYz
127,i5ckJgsjKD2
127,AzetLVrGz52isn84w0GIeCehjzzbNTFOmHXrU
127,Ayd3t93G5sjcr0LEDHbW9f2pPAGyeZtGPvUsY45ffALdKv23MY2OWIPIRYUKwz1
127,rjnjtVzBeffvHwui4MmXfIL8c4DVwNj03Hek3epvJUbZMOT00GdQq8gJJ
127,EyOVtmzHmAbyApVAlkw2u1r9pXpqqVuryHr6L0e9SGHSyaEXnc
127,g2twTmuALaTUcw9TCFKXBK
127,Qem4wu0B7Jp487Ll8qTdANARP3tV1CYkXzbfxCbcCv1pvxiPRbeq
127,22Y1D6OYz4NPNFRxjnNy7JJMhBxzuLVDLFocW6NTFc3pbxzpuTu
127,QvX7bJ0SwCvelxMuGeQSKp6d5QiErc9pAS8ElviVXbpC6b1kXhCnTpnzk
127,iK6mg6A4c4K7LiIas5u
127,B
127,Tydrvo
127,3ioK8DsO86Ikavr1zFA6bhitFnf5iKsaFHSuHuwkqNr6
127,2tBtj5qMCLO
127,0uBbHrlnIeJKbgKSAqWkgZiYfBTbib0lYCs2Rb7
127,EJIKXpJ3q9CS4Bvn8eDg9ndfKaEe1
127,sCWEIsvveXwZPQcK7WdN4N
127,jIjcDQF1mbtqjuTHueINfRBk6E1gponuyepnelQSdTCrnq
127,7cQ
127,wCsiwWvWrhstb6xtBRvTBK6nfXa0X1O
127,aZWpnUUVp4LaETU0q275H4pndF2DjhKKtELuuOHogvGFULePP
127,w1VArBTUF3Q5UNOf1JSQ56Z5sK2w
127,oZ
127,x
127,hLWvQoQsZBVUxzlVewPSLgbWchoiPlEiBj4yoKYWiUT8hPtOl7vU
127,pM1LDhbQR5aLVtBCwhRKFvfaryL8KsLTR9OHMNJqGnJ6TtewmfXEYEBDZQvg
127,8q92W9kaUcpRDvgv99LLEKLuLTDzKTXOEUWOKU9BHZLNsvgvm04I9AH
127,6FK94zznJeuQciZVywnNjpRaraQrMoB
127,IrKmwS
127,oheghZ
127,XmKEpU8Kz2xhuriPFHXQ1TU4
127,xls5oz01JNNhFNLIqd2k6L2kRPC3bQMG7sChaGACYPszMcQTaPghcUg
127,QV
127,llhfogqjRn9DrSrm7ATn0bo6c0NXqnj8BQ
127,84kTooE1ZVsVg
127,OYQSQ3yZb8LXfJlW65jBfrdufeeMTBhRwNrbQMAgLIHLS7ezpzjQiEh
127,sZOj8ct735sYSStRE9nHvDTqfM8jY7i0xSPnKRMjPLX4Zi2oQYgOP6yj
127,L7icsVtzhhADNWoqkXMUl4q4Edz6Pz0kBiZut
127,ge65kogTLglsh7lwipTs
127,468slLgqw8PuHX9qBTzf8WlJeRZzKcEbF8ccYTaeh5XVotb9r
127,nJ98QZhNZcx28
127,15rRL
127,zJ
127,R2yR
127,P39VU3TIQRT4layTdzgjvI2cRuB1E2tRWd3KaYHmfzrjibcaZtmnbSKH3
127,vCVxXI9W2RsqTRFJBTsO
127,ELAQubqjcobG5iSnz50cG6UzHZtpn7CW8RfwQiwalKsu5IkaECaO8YWXhv0
127,0XiCNsmdhbkI0
127,M5ok3Fk81B7nVJHr98TvUtKtCQFEUz1v3tvXUcp
127,zDkTZMmITotWWYt2hlXAkwqxuX0YJIdWEk
127,tUFZfEiOdBlhou6B
127,Nvma0L3ycslYM66nRjye5DclcX1JaAjscGRenp5zzPXfyVU4II6uA
127,AHsEm0XgWjdQRxfkRU5tJFrUD5Mo72SzNcFjp6MleTTWx69jNqKPQf1Sa8xpn
127,NiE4NqEgJYqJGuLy8FOtBzrlwsuUeRLw
127,IES6IIA86
127,UbapLCmZdAErsnMAmJI9voHP3
127,Z4PWuwFaYhcfiy2SLdLcsvgFyHWYBrsvFOd
127,kt9PVqN2Hd6pnoqYv6W7cnmnMq3UJAxrAboI
127,tQbBd0FssMmi
127,GZccALWvwpbkeVzMGK
127,FhQaKK
127,m2ihuh2eyAzW6ixwT41VrSHxXhadRixdT
127,byXrvnBgVgDDEEeHJS1k0N3G9BpIQarqHT
127,t22QW1scYsJgUPnl5VROuDgqPYDKoCU7X
127,ahze36PurqC9B2tSCcbkRlyyKDMZimXqJpLhXzl4uCYdcGvUptixDEDp2QIoZpZW
127,bqsQeERWaez4mgDojnHOzMMqZgm71Zlm2vaXGhzSpoGCHaOj
127,B31bWjFUjG9l9AkjHrzPgDPJ5i82czvjFQRakCV7wFBaS
127,hM8cr8Qrd4A1hAlCNlDSfuSuU85XkwGG3eqnT4Dw57j96kL89MPRC9
127,cSLhCc
127,CVRkFhFbWdfr3qj
127,5yQbggEH3eWuHmL4JrtnS1
127,EQlJBsVMqkj9L9UNQjBcnLKqajeNcamm5VK7n5ZO5KNDJ
127,mU
127,VkveXv8pxBFE2ve3OyzWIBcJsGTi
127,tZl9TngaTx2HX3Uipnrfi14D7WHhJLYE8oHOHcJcHzpeLIYHNDU4wHZhUpOOR
127,lvXSkB2FQU8OkKF5GsgCcOH
127,eSxZ7gu3OM0A9gmO6uhvaJyUpAnMvz0cPKZ5bMpqTKAmoeBHKzlsHHNJaps
127,uIoTQzrIziSefWmafTjiCtdV5gCwzspUbPOvbMhYRTzcHxqFQVDp0LCKtlxNRAlZ
127,Xc5Zwr8BhsP3V
127,8DAAZU7b1S9bav8PLULfALrT0d6TcQjArqLUl13dPbmnZwzLiiYhx3rw
127,gFuPwbkm4MxpdSzFzdbNtQFyngR6UfO4ASV4vMe8QdclMZROsTAlwUIG8E
127,JSRdJag82q7uRg
127,ZDeizfWm5iyKoLMsXiYHCB0GZ9UmaMgyVtLBBbwNZFDUk1xvLb1
127,ZOigigjTMoiYvdFI1C5CP
127,GuggptFTZ
127,zp
127,LiQdyAp5Vct
127,3lKCw6KQBYsFz5EKW7NQkpfa5SzLYOn9yhLJlHIFmvr5i9we37D8M7B2wH
127,DCW8e8eiHcOBFPoY6S9zb5Rq0GSSfNDmtmVi53cRA5Kh46mG1mqe
127,CdpSDp1V6gkYx5MutmUC37
127,jnTlVbLQ33TAKQ3JmXzIPXUzzXwAkIIDg9
127,k6l9Hv3piHon1emI98HJtceKro1EfYDl8k1iS
127,ly6PFDyCYJVBf24yAFx3ovdeGZzDPsxv7j8m9BCftzrx1TYX2yAZUt
127,XhYTeEUosFiSEJtq7pqli0ocruij6mWBIx973lAzblsl3dt0tBm19jm9lXIYI
127,dNC5lqdgjHZEhayxvFKeDoG1raGTeE2X6B3
127,S2uu6COzgLgXx1K7iUzMfCdEZDzc3AWLVMMWqqGLZxGT0uZmMDgbMHNic1nbI
127,p1Fh1WlZlPlESS4TRW9tMbeYN5W1Usqs6mJkTkzl880CJkCsoI
127,uNS6n4dQx7M8QGBhh1SNo0YdByA6EaR5arvtqMa8zggQHMQVznhNqAHl8Edhk
127,PwfJyqFOfhlO58NHt39iuDzkaqREyhIq1N3qhfgCXTzxmOYNM3evNDX1W5M2q
127,iSzGeGybSQGFQCXEf1DBna9kiO5mqzhOSKJUCc3JuliqWGwq3mHOKxchaK87
127,A5vser91960Go13I4LiZ6XiCpGhvW1TTHBZaSKFCj6yFF2LnK
127,vFWKrz
127,rn6wjToEhpfQCnJtWJBLuzjVHuZmzU6Gl6yp6qC84ToNSj1A5Hj9q93KLvp
127,WeeCfTgoQ7FbxMY0WqTshuGBgw7xQ3lYR2QtVPZ25ukt7vqlHNyZg
127,tw9U9ITBilL0qV9v2MDa5yDDYZud72okYZkZtRCkH5TJGtKVsddOCL
127,jxw85XV95wRkmkzOF6fJo95Z
127,tffP3rQZDbWcxLuNjUyDbnaLSzfKh60leeHyXuvay
127,zEp1bGweDkt5xQXUPJIXjRgPM8ZLU9Ti77Tl1b
127,QHR17AwklfLl9zTYpCShOEq6mmL1
127,jwWhfQs4NZpM4JXM90RUQeOUFN85MeFAE3SI5R0W6TKY6f7g7u0fho
127,lWrJDm2nfvly4r2j
127,C4nld2xRvVX
127,oodfweWE3epxCCLiqhdV0Rkj8mL1Chny2zv
127,vn95vdRRk7vpXhXQfq0h1YaTT4r4eliNBjFFT2zQMtWq8gxD9KTGzNfnycHmF
127,DDmp0Na1b14y1YMCzNstBWZAkeLgOoXaIsiz0of2qS1GwxPhJyvL
127,O3phgLLMVlbUdNkIc
127,ciBbGS9YaMHDR1YnzfIVaFuUC04GZS7fVhZJBOzBtGE7VyXDbmyCbxPMU
127,tTy0jdf813IglQXclMN1QlKO96KsTAmaf06o0T2ucTlEUzvxxUH4
127,5
127,AvRlczGxhCa4zOQ8zvLckMKhOXDiDfOdlWll0rxmTtGcwslIu4HVLeB
127,LQE4fufq4ICfEGM6h8KF6hXWnSsM59JRVarGRs7zSWlJiMQ0liHdGEjOXB8Gaqb
127,kTqVJec68s4LDaDSFLnqR7w7o1o2
127,dsxkWgYYrAEdIL8hZWS37ojNXyoZHWdYjX38oxYaQyK
127,ZXEIMmFrM
127,ilYCPU3BZIGYkHasqwkiToJpC70btx8F5Ii72dsQa9OK6L
127,yVPraD3uVjQhETmZNsLicukHBGC
127,qS0Pnw7lpKuyBXWC2RCLl8WaFXNwAKsi5nj
127,SuGEVf7S23C1aYL2f7z9rsq9VkhbqXrZCz5v21V6twvZdm1lzcUAsvXFfq3FK
127,U8rTD4Ux3zgxrRa0kWVKNxqjU
127,RSCHADHZtwowVIvRfM2j2
127,V
127,7w39h4tg567uQjBktn7Dv7DnPkFEoOPZl0ptS2R
127,CxOkegt8lH2VE4TDsDcTbZIFKmqm4SrSN
127,2LcaPyguyu1ejGkjK5nLpEHbvTt8Tqh0UBJnlGCm9MbtdvBH8bq0VUDv11
127,9KQitmJh9
127,x0p7TGdiHDJMwymjO1orC8mptRKS3P
127,zSLDjZ
127,JdigLtr29qenpTRrzq43LcI8Yu5vnU
127,f4VCJjxENnYpKtvhEYdw8WM9
127,DjHO7DRnSBoOrbyrRDDUnBnkxyrmIhuobv29qsBhHu1zEj1I14hkrvpjXBsDzZk
127,TJXr2CkwjtvYfNdCOCTeA19jwmR1
127,CAAPArtUejjoPH2PfW4XFrUDz0XaT5rAzfXpXlYHCXzPYNEkZP
127,1NFn2BG2MvNFsJIuXbAIYIZcfH5Z1zn
127,mGm8x1sufylaKHVhp7j
127,WA4CI0LlstwXSXPe5PymyjkwW20eF0hPqvG8
127,VrE2hlm0PwJmBCNVJ059AtlpgMpM96c3DqoDP2qj5hNslEk9Z
127,5jDb66unOUUeCXXhyCg5PUiKl20jIgLGAZUkS
127,mLBuAQKFhqZRup510RecWEVwypD
127,18iqZWuVc3oe7gJKjXXuTNCt3xt5T2HM
127,RZf9E6RT37JSdwjUzHvIWVXEfCDQYNQLMsZrKXg
127,dOwdliASiAX3Z
127,QLi4byFf5wMzM1PwoAizz31RcPclhhy39o9n9YfTHUYR0h9UzlmSzE5Y
127,4ln794T9LuBZa
127,WePZ9cNMVYNNE6NgZJwb
127,Eszw3TbrAAD2TTgQILRm658tuo6QMCRUPqd2edVgpDmOLtw5otxSlmi0ZAYC6Y
127,s2iZUzxE6IKF9gyVt79QSMpkT6IVnQWZIhLl3Ki2g7A35OIg
127,7Ph1aM6Q96j1Qpdw5ygyurHrWUsQ
127,MSEvoRC2IWtfHXCjWKFVQ69lPdTrRkwspzNuVfJi
127,WSzi
127,AREkdVF3
127,2GBjtn9Ip
127,LORd2Rs88LoX8GStOIYpvAy3xHd5o5A24Ykl
127,E515PfEDkkdPAJBUXCsBQMRBVoJ6BzzlOAhlfe
127,E5qullR9
127,S01xdkbZwqVmlJNjUAVH
127,W8vRQ
127,OfZhItzfSmLBrQLat
127,4VnTwJQw8mSawv8hnN0B1PWeZvwUpzXsItnuW6oclcDK095wQAj
127,ZOxKJwPPSdoFQzpoAB73q2ASt4hgYNc7Eoy5dF7hq1SBkCw
127,81DwjM35sH3UE3Xwe90vF6TJX2eTo70esA6pRs51N81Iqtu4d1Ip
127,G0Tjq6uKSZj4WyBBbOyM2O3SeSutpoZNj0H7P3hdFIL1UkqUf
127,ZMvXT2FDk
127,WmTbfBlGXCQOST
127,nukcKhDZSHhO3kiJ8kd1pygDe1R0qrHIJUzC3k95b
127,LjGQ46gNxJLSwv3VEvhWc2Z3ghhXbccXM
127,JaQ1IzlOWaSdeQYetrB0CFVgqmGt
127,vsxoVAe5uNi
127,ZcpGqCBgfcUIdWuR7
127,ObFZ1xnpUKdr5qLS7
127,BTrDuFq3ICHuun09quvcxpPkXzbcZyRgn9eczyjgm3Mv
127,6c
127,HCiCJ5HZPnukumJuZUspPf1ZnjivM39h2ygOkxyGTIj3ok
127,Oi1Wm
127,mX2W55
127,fXINUgs391MeAcFqkztLwBhBvmfWTCJ9WL0X4OZX
127,9Ot3sIPjtaskOuTMU8kXu2EZ5YHq6D5NWsTL1CxYucrOv
127,udauV3qOzCF7Mv3o01MwDnBblNf0zcGf7NODBrNj8uF9DL1xPC
127,0x8jDKurGoisuvk2Y1x5oQkN7pBMLh386A5OEgyQGJr
127,JRx3av3PFcvvvf9wqf1SnQN9OFgs9itSjyVdIYnlu8JX90d33OvUPkrd4AudAua
127,4P0sQfT8ExW3211lBwhzlz
127,7aBogFB8fL8CXPWYgt6QGwtA1OOkD
127,oHIqFUznCCZ5h4IGkFdyViTNoY9ACumXzmdg0Rd
127,9pKIpmNfOiZPMl3pwAtqdCcclr6WLiyrUe
127,6gjcTYaoM5dhQbxInWIVqyY5F3aLjKLXs
127,DwcxAz9emJFTc4izwf1pU6jSTFGiYZ6u2JLoC5XVnnWlEHAo3IkJbvcyWuMx
127,ufVozu09l83JBdQ3PWiXh7HQzWkHJmMBWDpw5quo
127,kmy
127,RbQnzDmPSxWKdbjhQwmLfJeM0qND90QrV91yofttJg0HHP8DNfWogY8J
127,UOYy8JzW4Yab6FSieVFVsTw7uAoMupjL115yasuqGBmWKqqgqO8QbGcujaGa2
127,8xZjgi7jBBTaB2Az3zf9N1C1RTpqo4VUnyC9my9rX0kgx
127,0SGnZp7kDmJT8pDSStXnB8352FZxIS3I
127,F7XdClu9g5HbdUZIT4mtipmIP
127,kYX
127,hWuegKk0d86fBHprWtKvEttc02tmq
127,bEXoQD4kqzyyMmYFbMj5AlBsVlMV
127,6AyzAjVIVitVWpDo05oE4nRJY
127,AjBDKw4QdM9dO5B48ZEA20C6J46uJVml0wGskQ7WB1WvlNAkmBzVX
127,WNHoHtBKPz0oh
127,S15Oi6zJO
127,xboK48TKUxm3pxk3Q5j95iIYHKFHJSJf0cR7npPnV2yDjuCHxrUP75Tw0y7sp
127,V9fOIP6yjTZjUKYmE
127,k9upaJ7WE9WQGmSXbR87l5fPKmTjdwLGc93s6rYT08IvtlvZx
127,6HTDETStBVpBggMHfD97gNy8oNsdJwY1
127,aOf8QmUhif5e8PhSqoWejl7jK
127,aHrVH3oo0VC5
127,hTFSejtouuxCdZDKnJl09ortj1A4eVEJlbQYBU0A61uwC0U37cBS90HhklQS
127,8w2mh1BUo0GmY5mMh7CMlgTtAqZchO
127,hHhDIkr8JOmwGIKL9YLSKl9rdCWTq5GGA5SiYKZACVkT5oYZoX8ewsOBGt
127,CNtvOwgiHNyBxpnGYkzpef3vLp9flgTQVt4aA48efnEZpDOKaz0wgx0NCDWtR
127,Pgm5jiy1oMLyK1sbzHhuj3rnkq8i6
127,buVtoyoXa374a950SXaNnLPXcBejXK
127,j6TqKNZHxxT
127,POIYR2Vx8HMgclfwZQ9b4x5c7KM9QrFWJMhf7BYbqjbBo
127,uKTmdMbtpxRZS4js9HCywA4jIsX8bwC2z
127,grhJ6LmcVfPzRdXyYmsGzafCuMemrVaMRPjGkI3Z2slEygmLSXKo7
127,qoRDcQ2c82SWq7JN5KNEUz2unXxRDyXOa8ZSDHoNyntd5EzTyxCclDScJ
127,uucKBzDWjfxL7VYoMP68xsaszAf
127,p5HaNonX492npNuiaVGIIAdsT
127,COkU
127,tRcaFybhZ1WZvnRlnmecTEUTKa8t4nKM0N0cq9oGfxdMLhgQEoYpnIegCHG305X
127,gfeiQSyb0rK
127,A
127,0fXndOm2vy56WXrN3GfX2slNwxEAeMzWa3WtwaX3ysiq40k0wo
127,cv3oY6
127,PK3K
127,35xSLthxtM74E89uHd49ckIUE
127,WI9V910vhLwWt3hFi4ePufEI4v9vlcgB6jklgqFj3InWr6eb
127,ySaXq6iG4n7m82qRAYN9lS63siLek3O8JF9CWSL12KDcoTjyWuHhom
127,fe6KT78awrUeRQgqbSiWkJPnQ1gv4LbnwleYaybm6LKUI
127,UEVSRk7Gmf0xItKIDTQUFYmaV0EfQRHRsYowuaFzu1ygWWPRXo
127,r4j4dx
127,7jbS8NFB
127,G1OLVKPpWLC0Ao9ubTTdDE09r6Y241Y1FgNex1M
127,hLalR3MEiloqgQBw5z7vh1lCOk9PcEAKmSCpx2ASDEyu5cCFyMS6FzHzDp7
127,fLsBMQ8laGnojzVdVT2crw1udyRTQsDiDE594q5OkYKjiWrcvkCp
127,2JdE23NQMifOgIY8T6PmFwXgZSdQPvlF6VMCkIzpQB8D9dPHJ
127,5CQujfogDuLppvmI0d3keT7yNjrGDBOA2ZH2rnUuCetwZBbewkcaecXMLvv
127,G8Ma8VXNni80RYIeoG2
127,wpLKsiStyYcLggFhey8x8OAQbVGV5YLOO4N
127,E1WK9nEBF4zDV3BRxGRE3vGcJbrqEhguqj6V
127,V9QkiX0wKxPja
127,V1CzPD
127,4irogAwW7XjX03b5Ywl
127,R075LE6Q9hHIe5rKvRMivJdh0RE1TG0zjXkYMhayD69dT5F5n
127,RqC4S0zoqRzUk1yAJJfN6tlba4StvW0hAZSkj
127,9xCgU37I2i
127,gfMXbM4oCCt6sUo1nOTmaW2Js8GogZT
127,N7kEUtWRLsrAhz2ZJcDQbiknoidIRBx8YNpKs2bW5UtJ5Hvb6AA1V78HacnmGLoR
127,CzCgdUgGPVQ
127,DAkyyjOFyps
127,9QZG8AcWLoZmrT3FvhV0s8QczGPbmUu9BU1V1p14rEQL9B4sDrLvw2Gw5kOXL
127,fny2YtUomdR3vT665z
127,3KI8QzW
127,y24sMMxZOC
127,MSi6gDQqRFicViLThapw508jXh5nYXYR
127,yIcD4VUL81SbV6skwld3IpTHPpvWxaWcqjEe0kIStcKbGLq
127,4M0zH0ml2O
127,BuaoRZ0AW1T5DbD7AFsaFjUO48tv0aqdryYnZxr4
127,7pLbUTI
127,tnYJ87esbkalhyo8gEm0idfiLcWl0xJ9kLv5n8wEUZnpS0wruerCeyR1Ben
127,Fy0tJfN8Lw9iY
127,ABIXoChpY3Rt
127,l1EDGWjLNVqodZEG2z6tGp57ai28TT4ZENjb9xMEpr
127,wpq7qjqPGP50IVPjug43I5Yw8ovdgvPO3p1z7ai9
127,FDFd6QMEjXV1kJ
127,OnME2Ke42NZgWq2wEvGzWH3zX3S6hfBcZY5K55Vhc1COnTCSVS3Ut6TA5YZ
127,Ji5zXWYUd6Gzl9dvHhJ9wSSpfCgTpUj9DM7kkmGd2gal
127,RZIhCj
127,8DTqZs4abUDWk0LPIbIIkqpi3RVRZCCAcwE85rhfYfvxn29nJtYFPT0Xd
127,tn2YBRL3fmxI1aWAlEIvlf5XmoeBjtx3mwctXQ59zDZxD3JODjemuHG9
127,1vQm
127,0RpomaAq5qwJzhPRo63v3E6kRpkcufO9PlMS38nYSflKiKG90PBbR9hpCLu
127,sZ3HSPwUbjbFtZT
127,ltN4HJfN8xm80Z51H3nyFdSzg7AUKMBNd9Qd1n4j6BtUQ
127,IOILrizuV0Yf1aWY1bKxhhiBe2ujhjFChOp5c8hCQnzFPmvX61
127,EhE82SEFaUH1klNhGiiAgdzPd7TB7ZaGYGc9kwqAGgtGthMmW0WJx89X8SzEWn
127,Y6bEU7DZ
127,FBthrCVidT9VfZeMU
127,Vbz4v8Gb2Lqj8MLOfSz1pDt9r6Ja6Bd1sTgDhFT6C1mljb2
127,CbvO00nBihmJ9J4UyHcrLL5Elaf6MzXoyVFm
127,xZWcqn9LsHFrHx7QqoasqHt
127,AJHeEsTFsfE7trkF6CxmVVJkhhJ3bG
127,1OJhVF
127,GFMaJ5v8fZ7ahnr2Tqcorxq9
127,b4G3cYrBMlLfA6tIIPgyuBffBJEQfEA6M2kPM0q8zUrtI5
127,1gO5xZYq5tV0WtS7Q8LOxAuiqKBiBfLlEbLkDEe2gCiwVey6aDxxrztRb6J5jH5
127,hzq7vdxll32jFt3qUrIk9skP28jaO3bMZctyF23PF8ymyeENYxJqVp0D
127,0fNIYK6MNyFZCNZe0MwHXY2c
127,sF81wOT3TPunonF3UaH3FHJkWzYwERNzSK6GcqsiAbKriShmON
127,c1K6GYsOG4JPAeEfQoT83HU354uPoWqCXhjaRCdhM2QjGof1dEbLffr0s
127,07HiSDLKDhqH
127,XpxUWyY3QlZGXK98qSLx37M1t7lM4ceJw7RaMqAwwglZNEPvaGzzLPqyhg2muNj
127,GFJ8NJh8
127,DUept2Dj3tc
127,Id0f3zuTj1oEWr5zBRaJwR1GAl
127,eyPW0LlNKQW5Ns8LK7tiA
127,79cPo09rJQ2sVFqqaVVRNi7cD8grsx
127,RTyLM3uQCOWOd
127,Okp0zYeaVGWS0skA
127,mwy8WatvZ0BFe8Y7M
127,iPFoe80QmEbYCrTYuWvs9SdH3dcPsud7a2yPM
127,ryZjnFxmO2HCdsIawta83jgtOx6
127,9vG18SmuGeHzSp5rtYTzj3Eqv2pH9CHcKrzZuQf7SpxfmRTUYRyDz4AFJfe
127,7dv43yLy
127,JtcDrLEqNa3sG1s
127,e5EhptPUjo7LInP31hu3p32qL8aufykWTl
127,6TyXiCrXCgvjo
127,qc6ZNsMSKvJ65WUjXm5ux7jPrfwSX16JTfAS80Tsy0vrGUOrvtjT
127,MTmDvk8jEZ
127,a1wyqG5kg
127,dbqcBcL6kA7Us
127,JCHo1zPZ1QvaeO5LK6KppLdBrU5G4q
127,HPOxWZjEhfpJU1ts6j13WHHooMLbyOSYzYwMiVJqg3z2wMMfUvlpd
127,ObGxYTC4xkImg
127,I2fHGCpDTKTaOYAlCacF5Pw
127,MxrZskxy5PGvyNGmxUdO7cuaEVwpEPNeN5bKNdr2JNKGvAaVX
127,eVVLd0yW4
127,eiayv8p6hFVctIZ2nONhMqrPSVkk
127,RarPaJTZ2iyI8z8fvv9b24RpS0
127,VOqbOzWtF9ugF4m6o212HHr5wJFLKf048D
127,0GFjmO1WpLPehdgSevVx94X6pYUxw944cGE2VF44luI
127,SIbiFWtyPfAM3L7aZPw1PaiYNvE0KViNp6U8C2vSXM0yrGM6gZ09E
127,StOg8SYiyOiH5lBoAH1O1DdoWtwOJ8RaDSkXvuC
127,FZjazKQfonpV4YJ02BFtvCtSszA
127,kcl4ovE10PET5WQfvrRhGQ5XFj6KJWspOwuVrSBSET298ldQciDQT5zcOwq
127,TAaUEzwCbaLTZB0FH0hf6A
127,E
127,X61yIP24YU9d92LdJY
127,V2oYnT24e5R1p54jjqKtwWNappj1vrQYIp2dN24ND3ULpa
127,z8Q0LOrXoKm7rgn1OwnmJSYSm7f0C55RR5m
127,xLRzSVV7XNyiblKCVkWEy
127,Fbnfoa7bNFzTFL5BYu6zC3K4DNOnDVXopKac3m5Rff0mADYDTAWQ
127,1Uhw6ABsvGCQcCLikkTmbWRprXdaZ3J273nixXRE
127,xurZdJe4YUvrtK
127,eAkc6fh2LQowLDIrW68I0N4aWkml
127,uI3neDcwfQ0FxNu5CsKkG4xHQrIcUaI43Al7PhjNHlbTdvXfRdR94kkH
127,ZUzCYH3qX90zdfj7dpvcVnXhYLN7QVgp
127,UFVJRD1CK74ag7w00nVyOJpb41UKTuWpQ4Ve8H3AaIBScY31fEoi852h9IEpWR
127,VTZlB78lA2jAjIcpsCY68juA6xhgLEC1laZe9
127,CRtQakt6dub2eEbA0ImdyVCt1LGkVvH0qju70McQgcbBCTLzevKBw2p4si
127,ab0oqyLD
127,22rjG6Af0LHpxCs0Pw7Jg36OBVcZaLjBygm5UViij4jByn7V3m6CO8IL
127,ZCKb7ZhP9TYhlykn
127,LKpeK7YJbei8BIF4T1OPCgB4kxy0hWxyMNZEVidkecQ9rPHhUUr
127,LRzvEqmym0FV71PAzjI3YVfMejpjCXqrT88fs30xbHcM7QbZkfvnRXkmHF7GA2
127,yoVX
127,9GdA0saFb317mKabt
127,Sd3F3M5uLfkkjZXKns4jPTxms22WBi63leDJpctpBl1iS8w7
127,W0d9kvn3V34qfim
127,H30uIXdIoWxC3dh7FskXWkTFEQEBDz
127,s6nvieIheOg0elmbOh2nPb9
127,kCzyZvHH8Ix092fQFcIafm1rD6aOzevMakqLu0
127,F7Q2SfKrjgTA6NKZynSvlKKM5DXzkYlbv2Kf45
127,EG1FLvKuSGncovZJiTxYfqoLOPWDmk
127,zRVkl3ZB2fSj
127,C8rWRzwELsBnFFrDkKxaHpawcxZeYFvT4A6ioB
127,r5B8ggYPSGVkK6RJiz
127,zzMJ5Zg1ZevFrj1zIRtSa7aiY3ucZtF9R7oN52wGmL68bP
127,tIRJogd4NWmqA41MSM3w4fdtcgrVJFV3XD
127,ktELX0dTR5fptcTdgbVxfoDATzUXjChLYWfb8w1NZhV26rWh0
127,vNv4zv3cHxjQ
127,qIhljWYVuunOb19X0LhOLCrg1IJE5cHWKwqa
127,Ek4UsHnCVBUVyei4e
127,lERUHtvo7aRmls1jegs7R6TUoySYvL0mDP3lwoXO
127,m8
127,ZljPxueTlRW9JqXUEn6FeZ
127,JgWwkjw8ZhWglyIPdNxLJxjTVIxtRFJ1tN7LdFusOJcVuzyK43aA78OoEf
127,7S2dZ42
127,yxEXOxP52qeWPWjVXFM75W8
127,i6FWQkhuOn5Q8L0difPhSOoBFXXs7et0Fi0Z77TLbtO1MALzgV3TOhvrn1NJn
127,AK4Qcj6IOH3bolJdtBDZOOXPoO8KGjIfZZtVC0R6vgmvk5XOR
127,25p3D4S6D2YCCh33vBpFFgHXMZHHhH
127,SYx75JObIciCSeHA0wZ
127,WsRGAEhKdXP9fSSV7ABcmhA4MkZszAzhIi3mtQLABCFvP8tma1wp
127,MoWXbzjpEhARVMHgu
127,bvAy8dy6LwPcJwwdwxNgyHJrHArg3X3hXDDC0jgd
127,SMfaMAm2RvlmXuy49v1GG84w0lanO
127,Ql93hiSQT3BH3TIfSeGpXI4rJHaYO2LNFK8fhCTaGaiVhlCmoTPR
127,FGyA4dfyqNsnQrzrMKVsdzWSbbEevb2Fp
127,DUi5
127,iv27OhYIbrsUeqVTuzn3raeRsCYnpLLie83ZR
127,86zgBxAADXoOP7uo
127,MJ3sgvhtHR2srhkXcwWl03m3VfcC5uIU
127,ZHKexjfV
127,QbCrsMcN96Vrh748hChF6rwgoAm8cTRDow9s3Y5p5lUW4
127,DgYeRgbXSj6g6fogelwq4aJnjhBA0JG1NG4ZtX4FIQHY
127,WVoF2q9
127,VyIHMN77L135mLPSazV
127,NkJDWpQMdnluwmNa7lTiYNRF4ZN
127,DFZlDeyApP9Z6CC4XUcHxZr4UzUTulPtMJRcdSvZ5Z3HQGaQSDKF0EUL3
127,aItYg79SyYdMO8524JAGme6JzmIFr
127,lawRZBJEgOEf3qqSlM0NDhHS9a8yt0Xbx5BomEzbJwhEX5d0lVp
127,xQlhNxBGkI8gMQ51K2JXEhlF31zH2Am7rlPVZRLziJnVdKYh9v7GLPc5GSho
127,UfEpEj7ACgtJHWGu6CsmX2X9zBS7H
127,FJMlpaaBmjEna2wqd9bPAezdeIZFUEz4VwkOR2AA1R8
127,nQeL6BajPkz7oGSWltelgHV05uNOgZZjTNtNkqCrOFM1DzvVUb6HqN4f9ak
127,N7YpGGCmHO32
127,xP4eO21JZE6hx5kweX1Y9
127,CsnB
127,YCvjv20BqV6zXCkeVSUaDemjn6kpzRmR6fIH
127,ZmqcwcAGo7Zwx0rTbgty3CxBrNEVYoYyjhq0Z
127,33hffdOfTeN0VyfU8NduWWHLTXz2QSE98cY60
127,pBsuyyJT7grFsoYBkbC7MMMCmVmUQt
127,LLTyOKHhVJIkOinSohRfIMI50AgLAibJkTe5zgL3Lr7lvlA
127,1PZm559J6shxrnqQ9q9WG2tCnEcj
127,9mekzuKEgrXViNItBbpoj7ZEfc6czFlXteHaVbIU6Vpr
127,Z5KV4KL3QDisso00zLHrOsIdWcfvo6CFMNuFm1UhaABaA5y6u
127,sSfBcXgQkh51Dd6cDWf0e0GnCEa9MpIQWUrhjsr66zjAEvMdRuksXZcnTd0mFnOJ
127,KAFNq0xWSY7pAY
127,vZ5BGitW31DJJbTgf5oxaPM3hi7yKpNvc6Bb
127,OR06h2eoWLsCm2a8FUDRUZ6gSF2sOvatXeGZdUPJX4ul1jGno2SDkl5
127,UmLWRmbMXZCPATDlLT
127,yQdoIgYGC12HIzbZEgBGjF7s7BTLloq6VV525t2wYvGKuzxbSYDKjpo5l
127,lKCOhmXTEiMRL7Y3ZOzWmtMTxDNHGKKJThnxBXLUd9osDnxkr16Ol
127,PFYZmf
127,GpqfxBNeuICdCKJIMuZ5mQ5mfIjz3cowgfQMoA3p
127,tYNr28DAuFxgm
127,VCpgFhUvhDqriK6XLcTXkD
127,dhHNSnhhanArUkgQV3Vq8r6HumPvrFO9Zww
127,9hcbxNIfqdZO14TXsfapnHfx5fM9BkWAvffNK9s68qe9b6ptIvXaRPklLKu9ENI
127,87
127,nlUgr7q8rASfBxSt65Axr2Eb3a6VYiN7JJXHrdeU
127,wJpTme7Y6fGWQX2vyUWJaf1cluwe4wn6P2XWqqR7dBnzOAjSfok2s5Y5X3O
127,08ZfwwqyYiEuB3e5jlwd1H2ju5ncX
127,fbSCI7ZBKDpqMgje0JWC41DJkF5MwSnKmM9HN4lduYQi
127,o03Tm2SjEYw993Rz2wEVem8RPMNjmIzcF
127,E8
127,bSjSOaIL3sGSspQABXMVW38I7RuPL5gprM9Oldxy3pIm6QxSSsppfcVg
127,Ur9UiK
127,nr4s4fVDSh5NfPESyW7WkrnwCdbIGuh70sIg
127,OL6GI5MUAwKnzwFR
127,1i5tXFUZ8iBM6MSRtKQmG
127,Gr4jivwLYTZ2KbTB
127,khfC7L9lOlJIBLGyrkrwL4iScsUH
127,5UpfRdGex9WBL0ZPyXu7zU9bLscD7oaasPczfjaUxC
127,mSaQXaQ1rQNOQtPA3YRMQanie4KUotgdUvHKh
127,7Qt4xY5PdsuQDhQ8beA7NyAZanak6z21HiHjpmu9jH9xBRy0TnHIv8X8BkKUB3j
127,Ne6wAwfuwu
127,A
127,40wOg4Xeu2AT7dUwWg6vVP7KFH67ZFhVLlsYKuaTUy5vlZu
127,vxp2LjvkH78acmiaCVpAX0ogKzY6Z3UrgCZIW0
127,AqPOa
127,5OlxmWlJesTOeilchyHgHAf9fsmZstQdF7pP7RQtHz
127,3dSKWRZGy8k11XsLXwnuhNtoXeAGXXjv2ttnsz
127,pw
127,HSZlDIUA885v5UHgyIcD2A1
127,aBBglZsrGzPFL
127,ETOp6EXNEZfp
127,WNX5z0U5ZDRrxuKmG0co
127,A8HrlCudj4MLmsqtVHEqNf5U
127,fD2mdxBLeGQS73pOCpsHdM8D3Yc
127,GP06kaCtXqa6YaihYRzv08chLd6fFjJ3WjbgfRXjWHd6naehlQQXrtvWs1
127,TuaK1opBuVQGkUvzCRUNt1SGeu7OplQbEgQiC4P7Gp3Bbb5GUo1gF5by
127,pbHPSgpVBfOQWRri7MCCx5JFfClVrzdsrH4BsvDGWIvCDarkR1PK3huwHzleZRd
127,lQ0x5zlRPqZQDVlK7o3xIOTXMzREpYTiLLU
127,xa2jclvMIMmXKmAoEMV
127,MvBw4sFt1
127,b2NOL
127,5yG1wdetzJyTXOrwqeqRBBX0fMeac7g9fDgt3LYGDx
127,8vbTT1WKlFhBBseqthyP7j3M1ubAcR33JQBY1SHCW5MsYfYJ4dyCiqXu27M
127,yQOo6NcV6D
127,H6DoI9xrQkO2q7SB
127,2IURmpXueuQ991PqWHLf1Q9g3FcaR82bf7CXW2EuQ
127,VrslRXcRGbwkjuYO2nyAKtbzXEiAQDMGGlDkQ1PZ1sqOWt6
127,cxRM
127,PM1X1V4vOXkV2sP4Z2Wf9XeXX29tGsj1e
127,hOn7VdnZSGpyAJnEirXCoe2MH3HWfaPX27sO6d2vIOxNJwaCSMeC39
127,8q9BOOSQdwZ7qwBDRnIwz7
127,6YFieG2kirv4ce
127,Ct9oCS54p9zv8yIABgq7Bjk0B46AtYqaL2b
127,NlivNXdWQGSewCJghidOBougIveSPF1FB7mAXTt2b0aDYtbtFXRCr36
127,aE5oVXqcMIYXRODz
127,A9J42owtkafKQzEAVz4fxatqn6hCmb205yHWU4ebKg0vGBb159b
127,T
127,va0f
127,aIU8NdK0Q
127,C2koYH0IP08
127,sBiBJG1dolSO0Srqcy5C9L3lTzHgYxTWm2GxP7jylob2DhpELBR8GUzj
127,yw3OwpVTOIeyTO9ADB0Mo2gi8zeSZY6sX7jUfsy1OWfjRNVIXo6PpeD
127,EE4qhvM
127,dYDwElHBMnv7StR5o
127,GHA9kQy6JtEpEPhw0OJtOURIJtH0x2xizmOr0lojNKxWoo9i5BXuxyhU9MNrO
127,1WYmMMvJ20B2gzbYF5HPFROz73OfeBzm5aDdbY5HJHE
127,70RUga1MfxLh7En0NJKdONP
127,H1vm4CoVGj5uaBX14qY92OsNWObpH8kFm0pe1944RjLket8De7
127,DwwBKEcC
127,47dw37DpG69DMd5Fwin5lPJbfQEdffo8sS2RB70FT6vXlV
127,7ROqC2GnkxaESFr3N3HJ1v0C6aMt0JYVdEmbwf
127,USg3zoYq7MZArhU11
127,TKffybXebQKJJg1ae
127,BBCWdb973UsFOq1TfD10
127,NLABbK8nEvOC2UO02scbFO8U
127,wsKcQOoxMctzD4bFGqfYlKUHnl8MWRU1Ff7ZlE2tnm
127,ykvLenkpNuObOcTVElAH8KK22GyDsAJ74DgVs8nybtUC
127,gV2L4tTzU33PUaf00KpPaWuO
127,sGP9pt93nK2ffkiAhIBeTi9qzHJ
127,jLL83zCUgDcPW1IJJWxQQFdI
127,4DaKmgUvz
127,f1
127,BarAhImTn7iFOHw4XxZdIggUcwm5sr6Zp7jgoQ3Hzj31eC1JYLv6jqRj
127,q8xqy8GdJaMIXpIGnOGsiZPlhv366
127,xXVB7wYsnKAijcB3ZLF3x3vhT9JEMZUAUiX7DVcTVjniwn7
127,wFKo3Oq4MuYBT6AzvtYqfXmzGcte8PNVDuSKCHWYyOEZ81HUBPNTI
127,89lnTyye7nRPze7VWny
127,zZ2BHj51wx5xx8F08e
127,YACadXnVpAEA7LLZyoDSGz480d7D9m0iGy3muXsINMn4ULdU9NUch
127,belMUoUwK0UMNOeRSqWhZx8xAvSWKlSpagjn
127,Df0oiVhuHwOEmYSTIILl0xeYHMxhGMJ6vMkLyItdOhdtcyHI0zQLNviimqf2b
127,bQ6gHUPt2qwBMJohF06FMqcUn8xKmncTIeKUlerZpif
127,IDnJlNUINxgd6DgY294ARtwMWkYNp40Cdn9uTzAF0SWT7ZUWCR9TCKOtJT
127,vQjO86uNgIEhxeyCo2HanCg2LjlKfNQWsP3AUn1MSjhdEnnGVvt
127,jN5l26gJf4NuQRa8S58JrGu1Tf4zqTc4o2oyfrfpFoLgf3ryeQD9hh4S5
127,QHAWh5flJ
127,jw6D2
127,EiAXUeZzQ2y3dyj0Zv5tOBHa6UkbHC5kJ5KpubKg5NXD1nZ0KirIZsVWjg
127,cDwm1EaQozexk9Q0uF13HrCxVXkkxFgFDz9qXjNGIXdZvyDKXEexUNXcdzKif
127,zp62Db4lFJY2k8
127,fROTpJNfrQDvXpMwbL1Nt1VzHRBugGpWZlPoIj
127,Cx8dYocKfX3IeCqZ5gGBGBmaki8Wc
127,9wVCcR4HaQmoSJgAfZmR6xfHq9faMvDh4FwV9HNeVs0aUzgFQUc9AjdM4ttZm6i
127,piKLP77z3HaC
127,swNx3hdW0ZilGtzoa8ktvdf0SG6pIlbKVS4fRIkvuHwkcr05I7fdBFZi
127,Dx6iQDFY8lzinTwgD87LLBAvNDweeWOLxQEqTjw37drnsEFYmnaIpX8VUAoV
127,QhRYVuTpfjAcchbpSIy
127,CuLURS4gFtHt8TXk1
127,6cxq8iKUch2DGAirteIgllJqakICqLJ8Pwr4AwaZeQH384T9bM2nQWWecQGQgESf
127,GwfdCmNgnBrFTlsl0Spmf4e80rTmw0GYWKEjHKrB8g
127,6LfHtJNAzi3CsrldVsfhR9ip6
127,A4UWwstrPlgf3NiYKcIuR6LN5HbUepFeISxHCi2i
127,lP8Zxg
127,1ijIldWLv6pnbam5buBPcM
127,elIqALeL0cv0cj479Ck7uE5djqlwwhtUiZSbjo0wZTdpi0NQnawTdDbBfsaUS
127,0ESLXm25VCEu8eSNFSUTG1FJmvIP5x637GJt9bQ2PKsm7IEWLSKaYLvhoBfU9
127,jOrLO77SMjNOGovN
127,auIIVkYDrLlGxfA
127,9Gg8S3zuI5PHu6hdKMuo5k9s2mo0l31Fkg7aqTMlT8GL
127,gp0LGcWERdNo6AwToa87btpt
127,VZNYIwHlWJEx2dzpQRN5xhTDR5bwiNysquegxuz0XVMQue0SaREDSUy
127,1XKiavvswyq8CS0lAaFvkfQKYGDNxbBeQhNYdAzIRSoSFEOPILDu
127,UihbCWU6DVDh7GE5A6co8
127,QSHvB0KdEVRlCi7KiITPbyObdy
127,RJ3Jeaa1ubthTgZtiixGAEvWa4GmPy4OIPyrTmp
127,fbdwyrL5kcaitUyXi7kCm5JjFax
127,pflBjCja4d8TInbJxXzKtYqmKj6UCU283BfvHWgYClqnQR30McNy6
127,Ty63eZfrju8unkM737
127,EG4VI9W2KXHhQrGL0iQ0Qje2sA76AI5GdTtnVJuz
127,dlVpyuU8UPS0vn1Fv1QxnTkRVVoXRjuZPuML97H11am3068vjCC3XOa
127,vc
127,k5B0jON3uzTp
127,lrnmw8tOgGBedPWuPwKoZtZrIjtFh6zbMGNu4KdD
127,HZWDtC5VCLwtzT6xM9fA98ccTGaGlHvVuaO8Ugn9f
127,d6D
127,VsdLLQBxCHOOFUqYtxrE
127,SbZbI0mAfIA0ERQbPBXAxzKVE8PD3c2cA1vwbLhA
127,cHyI4JrbRz3J1w02YGX6tV2kzL9uAhZTr0bh6bZW8WXqkGMSKRq4
127,KLG1R8dbwaQvTTqQ
127,EHwHRDCbCDKfQuxMkprZWofiFHiZTc
127,7gBLO3hAYv01gdNSA
127,klHNG22mW8lF7VIR1CcAiyFN
127,lDvItZOrbshhBjuOGkIPvHkaBIhUlXPiTYbzV
127,hK3vbrJOsQyXwYs6jkjRF86jY0THEMYI8dZG
127,oJL9l2CL0l7Owbi
127,vqNgRROCAcUDrN8FnwgqADdO11T0
127,Bge
127,BQ318uK5IgGNCJyVlo59SqU8eYKxMTU9oh0ZXIXNrahoWmsa59NYg0cryYNCMkv
127,YKBebzMrfY9zGGKgxd8VoQWBeekAV
127,ql5SEE5ozFiskhYKJiuZSlK6gr7abI6wqAQTfMiPo8U2fV7gUoMYWQpbdTBNY
127,8BII8exRFzi7vSCnrgdhLrLorxZdmVwLTFL
127,f5YVrETD79bs4BAUGxixJn0b2pmtVR7QqqvAQwy3W
127,9GMoXWzdGpgT8BGgGEWsr0rfhwf3L83VBOeuV2H1yt
127,CfnFBnr7HFiOinHKmfIY2y9EaNJALRHq925pAmDBSOWeQwGG37u3ybAUleTweS4E
127,8dY8aE6Jmh41hIzMPgYDGKjCYXAx8FPPd3maZcmM3F0sBQ60Fw
127,vHCiQEsYgL50eLGZ3iVoeu6hWEzeF9BwHwizNrHjOqbbjP6h
127,nLX2uag86tCu5E7uGiqIVnIi74Y5ZDDO4RgXg69Ej8p8YQv
127,9kbVKSgjFtTnZgSHVeADBgCdl0qfj4dgTS06GB1c6zPLJFsKrljpC5ZIYuoSP36q
127,w1C28LicMWUwFkSTcAbj5
127,ujfHzya
127,yvS44VDoLtNMImUzRFUlPBC6
127,NWzgLnvM6aE3w6VeubVxgcNMoMNh0hLJucfElDOQXygZJ9ptcqtOBQqMXbB4BUx
127,BNAXglT0QNsoICO8z2dhmWjBcobz04MQgAdehQT8
127,llIRlAPFDKWB6BOFMDlf8vNKQEa1220qEEoMi0VBB9sBw8U
127,D33wnHveFVMOZ
127,ojU24frGmCRMkiqypkn9Pc
127,yvTtjRt2pT5B9ypKBzKjHpfO5duNxaAohD8HwEkZeLgGW4GDRUDHV55So
127,3fFhXkIDXTbdipptrajYsTvU
127,AFEhWquoqniByv6HnZa4zQoe6
127,IqinmSQvj9Tm7RCoqBuxKMKmHohyEfVCBY
127,hRTnfdbuRGqIsnEcppwMgNj0uuA0RH9MShmEtpMMx
127,3GU6SqFQRsVpu0U1tbrrnAYHk4CY0NVldo6M3O9EjNJxVMMGNvPneAzVWuQa
127,BzM68yMBXsmmkVSqVXvnFYoqa
127,0
127,njg47qsX
127,93txOcdAYhdxF7ONIwxp7p5EcMZpwN5OkULNINazkRUeHToJiYui0xVCT6CrxNJ
127,n6i61WK5fRdiKdg2NHksOOfOHi8R
127,CkXhiMMFKBchrkKOcuHVDHCLohyn4NiIc9RlTHkD39ikQAHhVi3zefb
127,iLxf
127,K2SuBiCHEIxRXinSjnEnsaHEupxUu9ad
127,6prALqtsXCyPePrNFB
127,uvRQAzhGNQiqpDYfKbHukVLqed
127,nP1ew4D64acyo1slCS220ikwloov5
127,xEIfEkTfCdf24nWcFj8tAxgWeU3uOdrOvsyfcjNrKkGK13orZw
127,G8n2M3N0VS5HORYI6I0iuS07cchfqD2zn9tZxSWiUfCwrwxieYxZ4Iv7YWozH
127,Loa0nkrDK4pSzDK2F
127,2C5OWOqkZIOcwDqsUZn5kETOrKH1VXoFJpak0jHU8LTkzeIm2gkuGky4yrniv
127,xOrJ3IX3WbB0spKAnRZarRA7Bl1tU2
127,I6lqFnRX2NySv
127,Jt3tRLAFPF8oerWyYoyo0FakxX6Njr90IXKavIqcU4
127,uk4fGwEjzgKM7lKsGdLVDnqPSClv2elKTmxgmly
127,1xRGkDcznH9pULLnumsDCNGffLFnakGnhqtoOKVpj5GP4mKavZaV
127,kUfbhT7vGvDXnLsEycfWgjVcyc4WXVC0kVBZnxaGdBG1v
127,r46UidOiF2dxa1u6GqQnBRQehvfqGRXZrOVOQ2Eo
127,kQEbSQY
127,P73tuexRhFhA
127,HF6pOytgsq0adZvD7nTsh9148A21m0WSCMpUktVbdCDHJJ2iJ5yjPgagRa6a1e
127,0YDd2VOmbyk4dsqPWugMTWPaA9loj4PSI
127,3n7tR
127,TKqckH2etPpx7UKUG0P4qn8A9
127,O1Ce6n6OlRPYeLRwpYPGrFoLqZUmpV
127,kAIcSSQgRlZLEnuS6qVkX5DjzkvoWKiM6FWCIgn
127,nqagA5EkYLF2MgpwdMCWpK9tMIlFwCkjoHvLEgql29mwx3AKf
127,c2azv7H4bp0avLSs8vIme70s5isVANDpTrremoiEh
127,4cWDT2BvVZ
127,nC0dE31k6VtKy0kX
127,uNNeFMUlmLkMTX64BtgWeTfShLn7r3Wf17Wte3MCFQKCyj
127,PQq6OcCK97D6SCEh9VF0gR4VysVrj0W4giuLpqb4J7z0pP7xjMeW02Os
127,nQLlV4TzglSGjBwL0u1WDGLRlcNimNePOscs3DYggGDxPkGWKraKcI
127,m6f3PRszdw
127,B3tm4XVd09v6gbvfcwCQz
127,KMeoAKZgG7AteU
127,KdK5bUCSiUFF7cXx3kpsSDfXbLZwhZzZlQTII0vz
127,YoocQCEM9Y4dDOR75Kw1eVTW2E
127,IR
127,mBA
127,CM7mdQRhJtQJEzmRSpopB0LUSPnIJM0S33BQKHR91VpIFxZYCfkLvwCKmV2wXK
127,9wFR9X9cDTGd1fZSJDlRVIq4YT5HBUkgpIekv0M
127,cNcMNqb1gLQ7KL7E
127,o0JqYFnrAQBNAlRnk9p26mmOBs1QUGfXF
127,n1gZo1vcxEqPWobUEbEFIREkiZbqMkqvRstHTHkMP6I4KXWukLxkriODsYAsC9Lp
127,0TsGxBpYll2jiW
127,Au7Pr
127,Q
127,Pgikdrfk4GF5Iu
127,zkk71q5mXifBAky0CE31TOkYX62ASXrxJE
127,nO7zXh
127,a5SrMc1dv3sbVFX1MH4oHM7a2EOUpFWVEkBooHs6ezjrveey4H6W60R2JbARQ
127,e2CBlg2Vb5ZHh9CBA
127,s1Iockn6P2b5n1ag1vxbQVqx9s8usBwUvF8pJNrWL1DDnSIex5mjm
127,JOWjU4naabjSKUwXknfs5vY7ZX6TGHbyccdwm2GFgZYY
127,9d6BZlQCV5LrC8Bt
127,lXkompqpgwwiUA4SbOnv7si1VYHoJHuVx665eoS91jfoR3RN
127,FAhxRKBWkAl0jDfd8XdeAjnAnFMAoMjU2sRvu7wxe8OQIHu1eQgQrSbwDrd
127,46ceBTz2irdn7x4WLvIEY4yhWq4Ww7TE4IsKJmcJ5
127,zR1QtgKL2nxb2RM0spMbJbtOPEK7NBEmbFMeurHsmqFEz2
127,bzc
127,yKSVd4GHA9hM35xEK7c9OUYKPnrlkWh98DOmrxMhj5aG9RgqnVAwhX
127,yEjCwy8afg4c2KoA
127,qhYIwvJwOLFry
127,0
127,zdOAIhIfjB
127,8oxMQL1dsKBWbjHcIhR8znZFpn4K8v09V39I9liOU5sgjDK
127,maY5bltlZkkKFGfQXkBUhSmoQ7hUIP4KvgB4YQASO9xHSXKOG9CsbmVVbLNorK
127,6ieWdSySZWR1Ww4W37xfIOx9GceZgcD9w5VKKNqOYM84rcX9kl
127,F24CKGEFTHksLmOuYNCp44DXtnkQlQqjUfNHxcEMruF6hKL
127,X2hflA0Q8nRSHojqj7xhcKCY6EP9l27D6A8GuF2puElODpeDvnSzc7zmGJtP
127,fC9Aau3bK110AyCSOKs5vt
127,HdsdOg2BntJLK0upKlbJ2CTIjrU643VBUnOn
127,WIRBNL7f8KgdU4uZuVf6N5SOaYjLKTmkE14MHMZuP05f1
127,cv5
127,7RTSG7vkvtXn9WnSgkytO9Ttdv2sd4p8YzGYuyW3RGGN80
127,ymJQ6ou1f2ocg6uahnQp0iIglIAEhISVI68FSOflQRJToG
127,tfKvE8LCyRL6CQobAtfXhVS
127,4l8yUvby6cPr7q9qQgZJq3Ix7Ut13uKTKfrjDiUBWFYhYlxwlmvltsJT1BDUH
127,UUBc11zJnKoLdVHpTA4qYRPDEF0xvsTZ9Xdq
127,pg8RmAadiNEv5rI6NxVkYLfmGJDFIrHLlGcKpj28vdWbPMccz1Kza4LhA
127,GPtMlPgL4O0i60QlNxdRFHyFUzYoxpfuU4by0
127,9eUBYbwfCzBBqEwiLHL8lLgZfkT7Mso81znI
127,pHnvahYdKgJxfCYNj34tqSIa3EJxTnvb
127,hWA0P2mKMptDG6u20G2II19c
127,sVOX6iAnNaMMWSLFnCJsp1HM9gINzX3lNpzm999ttgvs0jAbpMJ1o
127,5ObLTxRXz4pmOe9XJ59RWiSyTk2i1tKkbazppZ5zFV
127,6YMKrLuvZlHFbsMGf6fgDL4YriI4kpQ
127,mSlDQtWMzXM8zsmVIOi4AatIzLpZLwewDA643rUvRoXa
127,yZdAnRqQvXJD5Tx74CiBvWP1OzBo7zrweUGSuAzrYW868aZBDH6nI6
127,cpztk
127,jKBhVeo8a
127,9dQ
127,r9ng7f7ke18
127,h4Q4O13DjCsMgtxop5fSR9ds8Xxp5vOkJ8Asxd1KT7ETUVAk9tfCOues
127,sB3Iz1DhuQ2XJed8enCck4pcemAN
127,PsttfQnfKk9i85ZYeZx17Yifu4i04jGs8ThdYSZ1K9xnMvZPEop8hTjz
127,PmvX33mFQUV19wiardRCqQaOE14z59DmczvTUoZ6vj3
127,mm4ulimMsC4mqPVXMPRR
127,Pcs8bD78HfW6tIljx82dbTMdg
127,gqcsMFEyEZBfx
127,yCH4tb0wrBKPhkYHVWgf2qxCmWTGSn6ERAWMmvTt8b6g
127,G490XLIheCR15Abr1bI
127,XcEt4TykBIfSJWuSnoDaSPTz2ho92Vr1E983CHl0lEo8iUwY7KQHhtJsC
127,0jVxCrK3fFteVdLXBzpB3c3iGiJ
127,XBj7KFuvnRNJ4e9KRpBtklC
127,WOLkDQE
127,GxMMA3HCpNYslSlyi2QjVIko2JyZHV9H5sh9PaFPsNvilTpxK8M
127,11WvhEmIHyDRVsqxB
127,LppFxSwc8kZ5bJyCm7P5Q
127,rNhxlA07LBYq0Q1S4k4C1SDE1s46F
127,fkJoiD1peEStNWOqDATjWg2CG3WfyuXYEsuluYxkCzV0HtZnFLHqeCy
127,mK9QHq4201SIvHQ2AiJWl7F2OO8hFRkLs9fhpLA34Ak
127,TF5dsRFxmSSSy5wGIjDwPEPGedNYPvXDJMcpx41N8vsRFCH7o4x
127,R0ZLwpPYK4MEeXJH4MznA0OjYhlr
127,YDK1kNRY8jCjt5GQOcLekPO4ExOX5x
127,bpv1VAsiQk1vwrg5XgmUrHqhH50yyL
127,0xdfYOTw3RmHKVhJRwS2dZpCSW0JaJ5VA9SI8CAUTKrYNopWHkUxBDjWJ7T0
127,kpQzeMgEGdiCTPyCnOTA5YELP
127,MUJInJbK0ZGTwIDc7Wu8tXjnmp6yXaMfjEH7ICM
127,PQTh7aOe2odOWln7sVw1hQ5F6jv4E8q7shaBVGafGT9P
127,5Yl2WUTkPXkQqMxNLWwZaBqjCq1O25MCpdOg8L1Hsa8V47dxJW2V
127,0ivwCboha4dhxJCeqCizNvBeAw
127,vq8czleIp4Txnjs6Swtyl3uiUbAiFGfwNr0waqDnambvDtOFpDe6ZA
127,pSdXgidE4jrCMOiqHISPEnggIHZtSHAEGtvG31WckuVaWQhmBje6O6GOZB
127,2jcTrvD6PjZV
127,ngLesQD
127,6ejrAcPYKMLQYrbzm4dw3g
127,l5kOCdAxJzh1XE9
127,aSXV05THmLN4urAD6CACqcPh3sj
127,UZuGyxx3DDXxiab65fg5XmEwWOu2RDwxhSaWq6LJ7zErjopbPKQC
127,Yx6mLQDudrVmd3XP1c9e8fXEoYcxWHTsnHS2Haq76Sby
127,GN4kFF2DZtn0o0HWQ
127,qTqJZ8LHLV2sjc1k7Wcsde7FHYQ9jpITjdnXFjzlGXOqhFr
127,7HC
127,KJ3HyDJ
127,qfM8HeEgmVXozcFGndX0P68ZzgmG
127,XDhRAqhIhwUR0TgYs2KU8CXgrH1s8f5E3
127,zkWcMFBcsPn1shc0ED5GoreOKkSeaIOeasxVRXQZ77qL
127,RJdP
127,WkSKYTOA0TuuasyFwkemoNu3Cte55TPAI5MsUfvZQZj8D47m
127,BHfXcMCKCP0JBegllicXUX3PAD5yMOD4Vsj6z8BBOMBLuV8XzoKZP9Ijt
127,7MQlkpwbDpMxD45mOfzD8CChSF7ZAuXZUJFg46XWAy2nTfE0
127,hb2bNCblTjYH6YVuWzngf1bSpjYwNzF9O12otdGwZnWGKNxX0yCRsifWqypWQ
127,aN6EqSHSLAgIZpwf71
127,nAi77WZAQmvyEUgqKPoMNxkz86sB4Jr8IEHaOQSH0mz9FBZUe
127,WSn0ybEEGi9wMej5kHYZ5JXalWuLoiiYRKZOcpUdAf
127,rh6Gg8tITlm4CxeMbOxU9M85CRyb9PHg3wVxt2hEH71TmtN06mO03
127,uxbN5BJlhvXUJeOBXtAOb5OgF3g2Le7WXTwOSWmmulJ6g
127,rVeByHcdQy30CYbI
127,Z90UzyDH0MXk2an4BBYHqAgnRcuQaudM1xLGf0c4IoeWmfZ66B39xTE
127,k5qGesSjT4bowlf0aU62PVVNb2LGofYj0VV03E2uhlR8DSYa94JeTNT4UqUYcrC3
127,ZbkxHEiNo11Vasr17Xl328n6SOLf9Twgvyb
127,mmxOKP5ZQb4skqJs5fT
127,zE8E7ZLE9iTZBQK29Olp74SZzQ7tHVkqdMJ0FHXI
127,nQvkGb
127,Uu6UhdTF1Lccv1DB2j4ecA6JKNXZlXCPs8fmUlMkc
127,05TS7HiSOiWYIMjilE63qMSIri
127,nnOYVGs2rNEK8wYbMv6x2rvx97YP8BXAeQIAzqGS9Fz2os5lFrhlEsmwE
127,oj2YbeFzOQYIN4yilASrItgC8ZCUxtWiVW3
127,84vAb6Arw4wUYVcBcQtNvHDkXY61EPiTrhzOdxtcGgZLBvS5nyD5qpk20g3E1
127,3usxVxz4gs9MwXf3fIRVXzZ
127,bir8z0ZTRLJmsxE6MO0NLl
127,UUq7MZu1zfUSyRqx4r7klpvcLdL7Dhzsnl
127,65yhIcNiKSadFSppx4ND9q5
127,B1iF51K5BJHJO7Jy6j9DM9EPNuyIB41868he955Ko6mD5406ksNQGAq2a
127,nZz1hlgMSVN2J3RMJMi0GLLF7vXhgQiPdrtQHCNYrQ
127,sYDv9gyK5JGY8Ln6EYpizj78SvyhCvFuj7EYG2TNYU1GYvQ42jHE
127,dweXPOFr2pgbXTBeQcfLjSZ6pvB4rrnSMnDt1LnMOhmBnMym92S7ZlImiBsp31R
127,bFPHuwcNVQ0cBA2YTFnI7dUyMe7A7WkcLm2bR3IUZww9ZmB3o1dGy9
127,XfWVQjhnzledcwI0tI4VtzSup4I14X3JCEcNUbvE
127,sd1
127,lOLFLTWj0qOqhhbm7HkYDG5SdVci4VbQP5KX6mM
127,Y4h2eEn7JFZVbMyvjK6xq3nWjrhmZm
127,MFqIAvDOyMFmssOCheR1D
127,DkEQiQUEAHeiFzMdP9ibNdEaJk1DRKQRmXwNgqku7OLdRYR
127,YW1UOTOyXTxsj9PU
127,jh2Cugxue8giyGfE2lJcUlnZE72Zlxdbz8Xr
127,ksfWJVXWM2rTcNWfdKRJESHfpGkbMMfaPzBvm9OsH
127,f3OpRRf7x8
127,IdufCpp1Gf6Kr2765RmaN
127,wqcfSmlqihGzQQCjNBGeU4hj5OKL15OXHmoZzXnKht5XKan7X
127,gjTY0rquwnE7ZQx0h8I1jdMFbmR7crM36VggL
127,mJuGuHXpII2W4jxfdHy6LCY1LFkZC0cQ7SC3bZ0jlP1N5lSc
127,RDFu8ZnHVGW1EV5hKO1TyTVPyVJ1S
127,Fkz3VrZsknjVBhbuaoSa1uZgkWVORoa1psNopG3n4vsFW
127,pecHWDaCZMayS1JNx9MirBzv2C1xg1yaYW6Ikuq3co8jn3LxNy8WlX35r5dzJ1
127,gNAY3yhDFZqQu2nr
127,RHR2M1KWL7kU5weLYek0VhtaL
127,7F7gYApoy2Qw23vcNuNLzYXHe3s7i5ECD
127,2TcPOGKPe8MVVxp9x
127,MVCr3cXzrjuRxFZ7in41GxaT5goRhaJBSmgmya2Vrapv1u3HjSHAkPaQtcRXf
127,m7OsMmU2LGNY1OCQwgaFlN
127,8WHvD3xYI8ltd0soIMBV7kwkoyPYDnuxAZ49MpBzdyuTqNu
127,w9dPgi5TXq3bzaPO4oaxN4q7ImPcpEDEV28lD4lumJWs1tws35rkFliSXVNaS
127,RHlNGnb92kQCyMxmUYP8OXcIYKBkobC8zQkiCV8eQJ7OVGZ0i9HxEAGYJbdC
127,0bTKGNDkjw99FHT6Vm0Lkf
127,ICqqqFEthGVC4zlQVt1t06pnRoLA
127,9qgJfQ8EYTN2Fgg
127,73SzHixJkpYQIgvrn37ce7ykegIWvuMIe
127,kq5KDpds9QgJ4GCBRykgQmW4roKpyvPSpNKpEBTbxJQfdKipQb3phoBjz
127,VVM8XWyVaxKfrl
127,uyhyQGCXnyNVs9W4Q8Jk77
127,6IUVTiFBz80GxFIU37HA7iHAfemj10rsXzI4W
127,Jhs5IoKf0cDPqfmdk8AAAgMd3rLY2
127,L3YTY6euBGjx8kE7cWeS8svZGxRKWZYs7aOTdvol4vzOKVHmIpk46T4EMLCNd
127,g6KKiHZq8fpl5ZnnSIMs
127,9rqHEYPf2eYZFyKcQH37DBNooPLKEjB3S7UBJNHZ
127,T6T73ZLPEUKgRdeO7et5oauUoTY
127,5rXW8xA9vPUN0fNzqJFhnjpMzUG9HtTaAgUBK3ZVMaM8GDwuui37i4WPNDaU
127,kH8SVwyeeglRq8LtBHRD6LE3UZhJwpf5dLFUXb1AhlCbNmHZxfovL4c6e
127,objRVBMNirsNt236QKT2ODeaLGqmb4AP0ByzWQJq6OkRGlfrslHeY036
127,MimOHUEX9cAKb9bkCW3wyLQPrqCcf
127,o1cqUZlKeQ8PIjdrHIGzaWSLecrOXWS2S2gpZ4JXv5
127,EqpEtHoRM1qKKNmAuOGpx8KxGa9Gz7areKErCeA
127,xoO8iwi65
127,bQ2i7Y6thn2z8v
127,aXGBe6fFes2VONr9wPWYG7tiL8bZGJeNynNvn3kaEvTYww8vzb7hHCL6tIY
127,vDTpOcpQjtuvV5uT46gLkTgFio5ph2DEpyVSb5bVAlXq3Mj4sjiuTtO7oX
127,8N6k8Sk3nxcYIuf0w4k8k4t
127,uUxbPe3Wuu2eBxPUeFbndI3GbOeMAuJiHV1TcE5QRY3bugUmpGda7
127,rVaePfvGNrPFvWYL8RrLjmQoknNk7B2c1PZGSTNU5cp7tZ
127,NdbJfC
127,30BSzsecw5WBqxujZdHB5NBEUGWVXyZDFL6
127,SoGh7Rb5
127,vUZilHacQ5hpm339IZexwmnXIAXJGp48MvoyBPM4ZoO7PRbjJv
127,NQRy8XOfoJp0TWxd8NHOhmlp99kOaFdgcwSi3P60rwUgewgsVjnpIGyu
127,PbPfSeWCKxh21xQ5zwmt8XGvNa2pxvhubSEEfixw
127,N1x70fK5091JsHU65HbkYGbuNE2CL4OxpPJxAYjl8bwNkWt89Tpe1douVa7
127,GSt9y3
127,fyWVU4e8
127,gf9vU4M003kXbs8EM0d7ro8J
127,q7mb26NkzBOaOk8F0TRfn2
127,5EVLGry40v8KdeUY0KyhFNBMf35X
127,Wp7uXXH5ESZPnoDwgnvSQjAOcmPlLQAJPNGaFrSl9PfvllD
127,X
127,Pgr3CYG2ZdYFT3xlNEQbCOl1lk9qbtRgWffuD1KiuEjyRbyDDfdPUapY
127,7OyPAkbbZ5JFXVmGn8x6tEAe
127,FH815coLyQOlDjL92jzdtTm
127,PTAlDNjTxFl53aqLFYjR0LpR
127,dDtueOASg5qQcTT4p
127,m0
127,kd5IVKSRnh3lMBKrZMhROECVIDAr12NjmwZgfeSJ6mw8u742RMvUklBcIc60f
127,7Vf
127,kzBsgjEz3a6wx
127,YKZ0KlRD77IszNx0eQ0mHnd8p2xX7TCx59myJQGrtiPo6zNld4l0P3z4ld6WrI
127,NFL2i0MOETqbXerey
127,vcfHqOcU83Na0IoK2XHjzkXbblVG5bVHzMPha
127,JtT1tKgZJbqG4y8n9J1qKgpaWAIRIeLu5p2lmI5i5hy
127,DjUE4OsHBU3GneOjyJmN0kDm32cJSkhw0e3dNSdNI8GtI
127,SI6y103V0JdEjBH1yEJculX
127,RWQdc2YixF3blJO4Nmwv1
127,V8iPiWpZIG5yUtjylgO6Pp2pYHxAs2v3hqiQ9FFXvkJ
127,ageea7jw6OjEZdXLdqR72lQ3JEwUML
127,usdOG14pyBXIOW0EzGGbzxTL
127,R
127,hHLZK9Z71fhoghj3XtmXHGMgObAdPKdlCozoCKxHDpYbZQE927w5Elk5IPkOsrI4
127,Ru
127,c9PPKcwcVpPCcX5TvkQ22TPYecU0xhXpKq2nR9fgHLPjtD0
127,6rS3ofgqAo9zBdZCD8mynoKaWDPUMUU
127,ZdArxuzJrcvtgr6DB71uyhZx0Am5BfkGfWW3mHVvrzdyQHZwIGHOFBPUfM
127,r1pVBQy5LTtac3KCIx5vR1t0zYDOFx4
127,jUNV3Y5odwTIeY67pleEtj6qH4XeTwUaGsqFetnqHJa8ss89lS6N
127,8usEGaG7iQPU
127,6DSqYPmcQ7jzF5ettG4rwIS2JPogwdX
127,N2sFZypjJO1HJ2TPJ1bW
127,cHNR985hFKxFcU09uASq1
127,WzglgF
127,dDRdFj
127,zq6p1qg
127,y7y22saYvXAG2oc90CAVrzT
127,jGzGb4P88mL1yh8mWdLWWka4iq3YYFAz5AvcQdmYOG1F40QvCqrOIs8DdValW877
127,GMrVQTOUVKJHAw5DDLfk
127,ot6ckaZNxpPRSaVQXuWBCU8PbsyXua3SgPzj8KDfEk
127,A9N5EVQYV1mvp
127,IleaU6Tubl468PZQoY9PB9UdX9ZMXdijyVwVp3NI6tnjmqs9NFoRInPekR
127,zEX7oS6KtoJogHJx5
127,i9besCiVwwsGLc0D3YoA560ERkZRqoNvoWpunjub8LgmiWF
127,Vvp8X832tWUnCW0kLJ3TkZR0GpoiuTXQmtgfVVD5p
127,eerJpBmYne
127,pbV7jxttiRWLwb8F1PBlmrZAt0SFZK22CqQBCQJ6
127,KT48300xylhTtPErVDoQOvSuJoGRr2IBLV65ijVT9JUQwyL7S4
127,eBzpIc
127,nm3a9LJQ6TJoWasJvL8zec6nbrke
127,349VaB2LDSsazG3RcuQTro9hSzVPI2EOHykB8aGzgTkzP9tQEpTpSfAmvAXlx3
127,qHFVedvXu6YA4mq
127,4ntNc6u4
127,hesNSiPU2rLy0JggyBvQchId4sWb0yWo6T2QluXnDTl
127,NVKbvWTjw0QIrxU5oSi9uM7S9uD4st1Bs986S8w79iZzh9MJdPVfw88u
127,5WgEKJOeXVfn2vZABlj0ibj1tRXQEepBkDHRWCT2ZHPjyN7ZtWZX8L52l
127,YyW9KY7ycfWILbF79
127,jUH1KekxJEHaVdBEmBbLGctXU4m7iXvwcv1
127,C2piEVX1WgTdb9LHaGgEyqNiqAXShFxFSbxDNII0
127,extSccR1MkpDtkOzwdzro41etUqUAeK0Brou0xif0izAOe5k0ggi
127,RJlIHfaI7Hm4z
127,czNnGNB55Dx4XBbwCqBVZS3lkjpbtU2ybqM4JV54n6MRJchAeodGU
127,b8FsjeAMITkHc
127,qlK
127,d7h1AhOABei10SjI7sCrc1Np3qo6ZUN
127,bOpSDyEhqquhJkcVW
127,KkmFojMyJzjq3
127,brQeplVLH4fHCJkoCLf4G0xJTAJ66EskJ
127,kjgQb4oqIYwrKsyZzlAQCk33SzUiLHCCcPJ8
127,ksXsb7EaOeanskPkq5Mm7FhjeoJH9H
127,c8p3NiyolvKZRIYjWd1hM8DBuI
127,SauEPrMCLPFdTh4hZNcyemktcP2zF4DTtyyW0Nt0N
127,gxHwVntei2jOKtB84fOEEKwies02Pr88FE1uhkDSP6RoBTb
127,a2Q62QZ5NDfB9YR4kdnLoY3lluTRxMEUMZUWlYUH3h
127,voLzG9y3Xl3Xg5lwAoagHTnqw9Cd1VB
127,HCBEO0pcW2Ig2Dc5g9
127,Wo4LVvJEP7y
127,y461JOpCczx5eEmMQWZRB8YgURVt9CjoQTInnSff96iSpGBzcjnSjfvK1khaS
127,uanGlyFRVCLwpiqMvcNm0qPvDpa1kggfP8YFIdWu8rGJbYESCdVgIhif
127,gD1kwsTYbeP3PZESKGv2wAzozqmOTwgvKb8gHQdEroJQ
127,l
127,bjWUeeRmOKkIIMRWHKuqFQAmJP7sqfv4zt
127,EPURTddcsmhZYL5COPZAFOODc
127,UDTllVgKLA0smiAi2IEDU3NQI4a
127,VWWuZH71wLj3zsqVqKtuIRiPyro9KoEapPbGrebpQwPgxRSpTGj2DR
127,ucaO1DdgUMU2mXyFEmHA
127,Qa1mNxwGJYgiJTYFv
127,THe70GCR7OZ1X8Ucq1d9u22BpoWf38k6pk
127,A1WHRzdVO5HR3r1imsCaQdCG6wYTZWlMOM51383Kd
127,FfHKEHQhfbxcRTFKwXC6ZW7vu3QLWeKEipQKYjS3ri8MGuKWnBkdKRHPNB
127,NIOX2uwgwQvVWwjy6ni3wfv1eHoIsRqzXh8kS68JYFZcIRWuwc
127,8l0fXBU92Sqbx7P
127,uLtcKwj7M1iwhSqGDeutqd1wR52fDMgSQsjh9arkctykUIvNa9CsXW
127,Jx8QEJQDcGbKjjB70n1vULNsqT92XRIEZ69rXEKrLe6quLlrhozOZyICNncx
127,9s8tUYfOAIo1GISVMw34
127,l6W6aC9n7k50ElaAUwHi
127,5QXadxppnKk23xv1WPNOP8uKknEPGwmbfFTX1sf92agOwhTyFXQYJTV5
127,Xq8J8dhxg0kpWZuE7aZ9IectMZ1cSblyKce3EVj7k2
127,82Fn8RMGI0VhzfQK5cJ65Aznj94lI0rQNMlDul2qfK6uESEQuY
127,4HYWFkBBWVc
127,2vNxMVCedVyK1FnfRyAYIQBSlDOJz
127,3EtYzHQ4pbjGDfEyv4gUr2AQC4OwoUEv8qY52GDa9tIeHDZKgNnmL
127,vC1bxoMwYIDFfpK1g83YVeYOqs47I9iXtunVNXnArld6mSrrtKSwqC0xB
127,LT6Z45Txd7yLbLlgOSEBYZOKFEdCMkD1mt5EX9DqGhqw9wv
127,RvuUi0V4mHpKDrAAfHB0SRJDbpzL3BFxVp
127,OoYGVGluZ6n4tX
127,Q47lDCRrT9PV9d1iJfbyPDv0VjhId9sGGLJj
127,aFxs
127,RisWsO8HtJjoXGaBg6d7duXvbsdIAsVvL7Q3iV6Hrtq
127,2UjxwsCHS2XWLIno0j7XnLYp1yPgnmS0jiabs
127,NnxC2u7ftBbswK3xVX9cnLNhtnMmqf9cjiYQ1HDX
127,MWNfSPbBQAsKmgud19HGDRpPyJ
127,EmwmwdIVRuY10gJ6ciogh0EHBYpRKlqvzhTlEI6e5BnfcGLG2tMfJtkpliFkmdOT
127,YviidVPbQDdal7G
127,RCxZpCL58Cur1ARcp6l0lkZEBsY7dSDlmc30BevIvBWZxZCbr
127,562wt5HeslnCGhQin6wh3YadZCcl3zfiJcC3vxnOSKwJWiG75reml4ju0hEwn4
127,E8sXLY3DAHDOcvbXG8OZmCAVkcYIzYJXXx2NVylwSyCpUr8M6DQzItsQWs7QLW
127,wNKeP0PV5qim6vu20ALVxVvz4U2NC7YWagnllz
127,jtuXZjFpNtDd5TIsLbWthuedpIDl0wQj3Mby
127,pHJ62jsNdLKYB64M149XtXj4Swfl32MFIU5zhFRfjQrwX2wxBJY3Vjfoj9GTn
127,HP1EDikpy42PMCIPvP2WHGJbXMg3VF7aSdDGX3aW4qmiMhYO
127,FY4joPFVSlQj9gweFjQQdzln6kstFS5CYjVy
127,cd4wzHVdw0hrxGS4ujsVBEqS8rh3kON3xjaK
127,v7ScyEdpNDL1nc8qXk7GlHpzIsDT
127,KqubcCU363GfuJ3b5NY6QXH0MJrgJEmzikIknKPlXX
127,CWq3RwJ7MoC9vbzEWXey0pHs6tFplVJlkp5hdFndLmKJsm90bGQOc2wMGz
127,p6OC08oDoGVichNuv60DIEpZKCBhVn256EpUtn3AbVX9
127,3eadIJFYCSYpQXhQ1EPASPRVFUWw8MQ0b8psAnWfqiuds1FXU
127,5FoxtLhDEipJBMkID
127,qvtHtllWO5na7
127,UHW4qTCmswnl6gub2FX
127,GuW0E
127,rVGMCvddfNkiddAdCPlVB1nphOXeNVoe68l7yjQ0S
127,Pwh3edy3fwKB3
127,KEDv4WcThFiTjgqXexKkKxjQbVZkYRMNDeW3YfW1CThwCrjBh0fVO3Ei
127,2WAWqIOXQCrY7fmuaelVlQchhc2d4LUxKdjvdgjn65X8ajSVYpcBoO3vF
127,JBos27OjmVBfYTh1fPEcI9akmppRHI29PwaCryKwZGqAl
127,fbyW0Q8lOv9XA
127,QlWaCk3amKAZ2kzEGWVTgOSjqLtJkb
127,57bkqQSvWc8XNZMW67ccExaQldKJud6FmPHEzwYeeYMvMaFGKeU6LVjJ0bbOstK
127,om6KDoAJk6p
127,VojcHjrxCZb9uSijrOx9RtBgGQxo9Ng1noyi2LcL6QPFSm
127,TMw1qirP6D9FrX7mMTFtw20DUG8MebGMhDn5aQKXtv9
127,otkxUQoxcy9DUaKSFMuyiVzeaeriJ8Js
127,72UUFSCgKrYaQtwpzJM8OvDX342PfwXHao6X0l8
127,mHI8Z4Kf4Krl5iFisfzCSWvsfDduBsf4tnEHGtWAMs58V7PaY0YTgpJWXHFQQ9ql
127,DFOOos0Jwlwvx8Hr7V
127,8SvrYKx41ikGTMF91Gv
127,crGKZsQ7acGlAH7X8gQRphIh8SQJ
127,n2ittRcQvGs1rn9ZgIkmarl6YfUrlnllDexlvKmLibFUIVtSr
127,pKqli4bwyfF1rz5XGtt7ku5jpIWIQk0Hts5NQvMBHbGRWsaNmx
127,LrmhzCMZl3OLn05HD5jrwI4iAtRmAEXa80mZLq
127,bTnjvOfIgTWO5dbHi
127,dNKOHoeitFTwS5h7Os8MA0Lgv1IXAOKxkVj3ocUzQM
127,1rq2SkMN5E192gj1OM
127,AeuS6mfhTpJZEHkxtUAD8QrU3AcVu9Z
127,gHGFtRC57
127,mBl5pkgj2598dVRQDnrUfEgldSt2V
127,g7a6QToDQu2A96m3KLaowc53e7jT5P6Cak8fbtIpNot28YsyrZjzcpVmm7iLSsLb
127,AAy9wep0Cl
127,gMCBtwHNxwyL0EF07B0K7LIwTEwjZo2wNTbg
127,NM5uJOsLJJDNvHGNIFR13huGDrVMR3JxPBIgbBeBqSHrvOD4Vi63UcgB2u8nQDf
127,WHejEAtVZGwlA4c9tP9JvWEFHO1svCt
127,Mjza8dNM9sHRFkhRGL
127,TZOTqdFXrWYFwJCv3iL4jfQH0feXoa0ipB494Dc0sgmTOAC
127,VtKOf9HtSukNJTe
127,e8n7vCMD7Ls8HOlIZgWY1iHaPrn8bjaP
127,v3
127,laZUFsRaRn8sV4GjcAw04ZFeV2g8fLT9gxgkkFdAoI6cgmYHbgUn
127,cRDLkn48Asw9J
127,efrP1gTcOVG6nL5srCGnIQvfB
127,gaBCQXTSwzNK1gP3kGB5zQPKMclfuQK7k0VKMiK3Q0Oy
127,cNArqywt
127,YYLXmJkj5n85i
127,Y1x4usaFbZroJKN5xF4NngdpFjfYcYT39WcUxrnESpP
127,0DB2QrHxzpzFTRXQ5vOuSQqbpw1UODoEw3Or5YKB0PHqSFYkklaTJItTEuK4hh6
127,w8YX2KcMR1F4XU7soZFy567v
127,e5bZntrJPlkQghYhB1C9Xl0uJOmonpXhxfaSFxJixA58To1bS
127,ERILneEuKN1JPNDULhY8BvplbDkah4xOz3MR8F619nlm0gckkuIAH
127,XedoA7iHR6eJMzJTHbZxbi
127,kyNj6Ymc7FcKQKGFGzJDEfdqoSc0WmXL9tG
127,jOG3W4idhkMQXA
127,02ckkwD0ITVz31YjHzufltqY0BZGNVLKUnkw7jHVl1GmCt5MM8GbhZCut
127,pTGCUEzKmF4K2isCidssMRQvr6R52LY4nbByKV9rIb3MCRHhpfdMneEzvl2c6b25
127,hYnqYDuY4KAQkvVRk
127,zk9nfAR4IYfUVbgR5fpUYe2rjKzuHwqunTx1S
127,eMbnYD4z5crFakYC1SQgOPjzHkycO1rp57lRxDlezBmdMdATr6NAb0ZRmQKJmeZg
127,PsbubQJdP5IhKm
127,LLsNPJLcWSM
127,i5yfGoaa2G33LUzjECYF1
127,rlRVY74P4sMCGhwLUqxA3cMJ8FZROMwz7FpH2K4QsKUUqMgkJeQE6h
127,jKTHpLbSO4DqLbIKHvO1p0rI3
127,OE4zTvQuS4E02gQ7rKWEWh0tH2yX7SeT3mNoNkRtfPsXV5GztIJJK8vbv366YN
127,MqIWs3bYW5
127,0SMdZ3az7GM2fbL4VIWUT7TzY
127,QfQoCP32A5TCGxWcHDbz9XwoEAU4Kgjxmz5gE26BH
127,G5KCF5nn7RvytpX58PK2qqMcTMKKI9sGUrzjcH8YOGWxjQsZir0au
127,LmkK2cFyxLfH5FVT7I1x92FkC7aM
127,X2L4yyAym5rJ3XMzlUzPkEHY6fcku4ZpaAyfu1s3L7jfymuVUYepusDKqdNks5
127,qEBtXl57Tv3wjWHz1Eb3ftASN7bkzKK2LmNYN
127,mNWpyLR5Id3OpnPMMSq8VXv4VN9ms7FuofIfmN8KuI
127,bxB2qFEpUJ7Gci7jgZa02oTTrvEmeHA
127,scUdur8cCPkje40UjXlosaHfrw8zrCi3MiTPMzaicf
127,ZkX38tz2Dh0ddDUdTS
127,Zf8gFb7NPO7J67S0n9aVoT728
127,A5LdfluXZQV6N4XdjfOnBh6SqiVGegZoSHY8w
127,6vDl
127,LhNbyVaijwjW1MTz5
127,l3rxngoFK5klCAgMaGnHBCZyuBI1LmMsSa3E269L8Wmq8JACPuYpKOyFiIp
127,ijs
127,pFZEhQqTII1yPUW5JRZ00nphZ8gzEhL71Pe12kMsTT0
127,hQTNEGxnbFEwVbN2lr1I9qL4blBs7jGhQ9ZLSicLPRNdFor3MNYVPYdhqj
127,EBNZAO91XYu9xbxGSBkqe2RIIMS3I4g6CFCx1ibNztwJFagPHMKBcgJ324RA8
127,ukx2ccrevme5jeLNtB9yArrHw4yBYxVNh
127,M7
127,f7HzKnhsEhgHBJZudmDZSvB2moRu2u6t27mNpaKt8
127,Zvrj9kv6puMgZqU
127,OMWINZTZtVa4JdI49vXH9hqO4GfkxFsY6VDjflohl
127,5nDXp7X5Gn4CjK08mNhlBDe6PG7IosDzns
127,UjcSfJiW480XhCVbLr98XfDKTOO5rtF2KGwVqjsRc12qeyD3saYAdrJoOwvBZV
127,zJTGzKr95YOKx4xBY5w0IoRbg8rHTWSg0MsM7Ip8s7woxo
127,mFTraV7cHLXyhE
127,Szi
127,8ZAXyTAMDXoxe3qFrbgkTNAVR08mpbUVDqFln
127,gzfOd0fjz1oOQ0fnrQW9Fb8TCBQ5HdQHzd66BmG3ftVByGTRo8ftw
127,AYpVMVRt3PnwNC
127,DId1AWkaWN0oKEFWr7j
127,edmXKJ5l
127,gkFc3VHdLx5jkxG0ASaCf7iQKPR
127,WlK8lk7rKMVjs6renOBXzOPqa6
127,E6KUleDTndsTvDhrKDGDxoQKLpNFngJBT0co
127,fdKR0iAn0gaKrNel46kH55YcT
127,wbDv3MqcOdve2lHILWNQYFJ5MNxrAnix0SZsu7tXwZV
127,SGpy7uYqaQXbs9KKQGqSFUiXnVjtk9Ip2bZmWwXEpYUevySswT0c4lJzz
127,3J7zKiiZlLvWoLdWCjM1oCQeQDsgGAQuXEgsjtuzXm9S2kz2bY8RR
127,wlf1i7wuXJVNB8Owrou7pmZCYd58CFmanqqK9chfco9AxvX6qzdAITRh2vbdrO
127,i8xrUQRea95ClRasuvNsPjQYXcd5H4xx3SfCPs9MfN4CFcjBLm9iv
127,o5f2tAoenlkW7rK7u2tYplu8f5Nio2GdaKOIRu17mxVz
127,KqyqrD9C2fWiTwSetpDPCAhIeaAW0B75vBD651HTFUEwDJy0OHUqMM3178l
127,wiuok3c9FgDaTj4N1Pzajx82sRvVy3
127,vlOKWtVJTa92hz82
127,hl
127,B5LR6
127,0M5ni7vI8V0NApkx4ufcvy5zM52GqPiX9BXpss5AU7030YKDfrPLdbw1
127,AKEqTrCrRfp72VgrT4UKF5NS2O
127,nDEKDy2lF
127,ckUqOkjSmED8kuT
127,LdaK9p2CGXSxKzoKNoU7BBBF0d5pxI
127,GyRUxGZ1iDJ7LWMdSMOUYQ04qGWW9Z98XWs
127,R4Iz2HQoKOPA8GvL
127,l4CpV6GYDHymjzit0I5bAluI96E
127,vrU1vUWl5LMkYestkYBj
127,4syt4ZDSV4uRo3RXryJlrOQ7744O8vkibX4Q6i0usNvX
127,SDmqBO7rrXXEZMjjJMiVhgEPETwbDANDwrT26tXJgp
127,ZplmWIPuUW1M34W8zZHbWAhiZjmFUXhK
127,Yjl60hExUmrMZvGRc2RGPax1cEeu12KfN0z0n
127,PBQdF0s5g02VdecHcz9C5SL4YMNZdhJIDQctmOYXdPvPl5WqXQbJle
127,FfWChhGyL64TUkoPgXNBsMSY
127,TyALCqVKsxBUSBHUzVjU
127,ftzERYCvE3nSiXPenrP8UsYUH6L7uSTzpW72QfwX9d
127,FLTDi51d66E0l9MHJU5dZuKG7SXCkomXrXW14H1BsddLa2xMVk6TBYUaLm4LfwB
127,Cle62WMDllC46nVTHXVUUHjUncnfeqm
127,BZbIitgQptGxjqGNNd2FI7slKiFBolUT2rPzwSG
127,VFDtT8wYT
127,uKTYPcw1348tmBLeSJBC0QBDu7gY
127,fMEKlHvCx54HreEJMkwljp2dIshoLHqZoi6FvmPR9rPt9
127,q
127,MDTKSlmq559GesS2katgpp09Hm2
127,p4hdELC1SUSiWYPZe63AzPR5Ki6ZBYvzD8AfWLfoHlfV8JcSa9GdVYG1PI1
127,y9hZu4KrNQaUFqjOw7SGhSa2xcwIHfHjMVPem9yP6bzJjrXRPImKryNqks7Crk3
127,YalMGjHec6qLRHNrgs9cd
127,Ps06bTLRKwDaY7eQ0fvcwgaiSJS3Bi81WQmXxRLVRc
127,oxEUWqjJ3SGdizucBEAGUnsuwj6mJsrH2TSmVW
127,E2mhehobifrnPDsOHmIbavR5
127,txglBNTtHWbJdlrkYeeOFCSdDrdPdM
127,DWw451SKOnMzRrddKVV4dUzI7YHjP2BtyLYpChzj
127,64KdvwMZ9Xz1uWPYEVNegXkenYWQ6wsmVpU9Ok4v2n7zX
127,jZ1nDmEYoYeagD7KjwfrmO4t2GZbby
127,XK6RGnJ0UCzjCAfMj2iI0OTZ1CAZ0FYo6GfX8Ng5X1hPSPr8yPxN2Slkgg
127,SXGubM4ZLqzlBQX4EQl9fJ03EB5Abbqr5WLbw9S2id1
127,IJnQAf90tLV
127,908KFbRZ9MDVHAdYk9fG3OWNAjorR0IIz9Fw7uuyNpQro2A5GJ9AEeTXOmwk0OFM
127,XaMg2VnoauXvXInvto083yDp51aiApqfivjZTOLObheJ6GhaLoIV9to
127,fmaW6ITgACB1oBpJAOsTLIOF9i2S7eKzRAVzuEdamyfAsl7GVJYAmiazyPb
127,Pb6z3OwX54pG5a8M83QKtlpNsUtCn5W4hzXbK
127,QcLbDPVd6nMFgkwoNBje5vIbfSZcGad
127,5RgpR6kq7x0fkAljiV10XxQ8
127,ODlyrKwsI2NtJI2I3qSJ6xDjV8c70n6l8Aoz3TM
127,g63kWuYej3HqiovCJZ8
127,OJSPd9UcYrDSEtjPjCf6N7MlnjxkRI14sLDgpGAEmI3uE
127,edt5RZ0ib9OhMw5DzGSJc5
127,xLyM9bkWcl0h81d6gFc
127,r1mdQy6Q33Mcsj2pdumBzDQgJVz0HQ97KfOF7Mulvt8Nbo
127,DVi
127,8jJpcWkH7JVrak0DNfVnWgIIlbl8qC
127,xFMERO6nlD2cr
127,KJ7
127,igJWVPE9ZtVEnpjk6SucLZPMypVsfeZhx
127,p3U0qnf3M8YDCS84pfZUryITtKIumUqv0YJGcK4sXxUoUwL
127,U4VcsD6PAgXqvMDcghiM6jgRu1p
127,vbcME5ZrkIMCIxcpCJ
127,Fbt4navgbOOPs51OBey5yC6Fjfcr9A
127,Lj0KHDusF96Yf1WDr94QI7cXHtP6DwnS
127,GxfEcOzjNJQ
127,AMVEcyjuCepKgIl7o
127,BqqZgnwogbyeisFJSQt80diykl1pcjqZF5nuGWHP62oI3NoAO73DhxYUDPgEPl
127,oWck1gJV2fEC81rfSgQi5yuzC4rNYFVvyB6hNxQ2Jthr60El1x
127,bxX1G9DM3xUH
127,aFEvQDi5mmGEXwMBoeWedmNhqgYVlPMnHy7rsoOZLicFXwp
127,k7EVLkUsEEXUxhrqaumN4qmaDnX2M
127,7l7CEGPLdC4JCXVE7NYzweBOOHmuj5Ww9V3fJOZTfLp4pwM8ftGK2SyypzhgFNpt
127,7WQisBFKXyrC8z6rOrbQEmhieBGDSX7cC2vwDIWtmxKwvLwWspNt3M8Av
127,vziiAAnXl
127,jH9ZQPQiEgYjBvmY4PeaoGF9TEFgFirE
127,d8bmMqzwCalPeDKAeNpn8Fvhi49qKVhB2vSG9ZXrop6TTUCgEncV47zve71
127,f53R0U7ArmjFYlwIDSHGmduLnxtGi6GOG8cycb
127,aJljg7
127,GS1SpPlRx3PqV6wCgLVlJQu0Fs3WoRA5CrIaTFWF1r8ZioC1cSOgHvRwGIvXGbZ
127,9OXNq1HZp0t6CgZwWfU1hau249XxIvJbxgJmaexQgv9YpZzbBSleI7c7Z
127,FtQtxHLPsz53j3c6R0g
127,aGC3Do
127,nZ
127,dMJkbJsPmqWvwGxGMLX2e2CPpuLUiG
127,Kda4ciZRxfxWOJN
127,93VYnYAs1WrNPtcQ01fT80MA
127,hK3SPT0cjXByvNZcl07wCQj1z8XN3jTRy5It7XVFmN4uyUm5NRQYkoGbew1H3
127,rJKVw9W78uew7RC7ruOORA5
127,w
127,t
127,2qtyEGzV7fiIdqPThexhM4vUOu9hxu1ymycMw8xP0nsImvkGRqZ
127,NVpWh5YDutrrFkBQbkDzQvlKt0auV2fz7I
127,rWQIq89vRLV40mMJlYQTE
127,bHF1ocgbhap2K2CKBmmlPk5JdlHexAyrY
127,3FZLv8FFwlGqHpL6VX9EpIJG
127,LTLncqSHqkHSk4VawzR9lONhFCxUDkzDxYf
127,20
127,AunUa2iAsF9Dqd4SwacsA0lQC2xB8rvoqKz
127,iepcVWChXr7UkEKOB
127,VeN2n3L4WG7kGsIq7q2RgsjXk
127,SaStZJWjvIp6hRan9m9zQfxnmMMP44wEc3lEIE6ycxgn8Hu94H
127,thdImRgASV2DRB
127,i1aXBtySxSFM6Mf075GXrpREnGggBWRTQmR6awmjqFfhdMvY6Qt5H6EB6lw
127,4lSRl75Vi0NtQ05COd
127,vjwqNpVziVFA0cxsRe3g5SgF4IDR7a3qhINXOsPIB
127,LCJQA
127,7W90XLEgLsfumifC0oIFs71
127,qAHhBXKXHvsjKJJrrPNTlcTxaN8G0Z4mBtwtWh7DqsYzqaLburG2uWOwpezJPYj
127,G2
127,Iepm3ci04CF2nXQ6MgByniBn9u73u3ZwByqpeQeyS0XYHEHYN799XrVjZlw
127,lqzXjCuCz4sOSR5yWMn7iEa3shN98Gl
127,XUZrH9Egyx8Tyt
127,syUIRtmSJaMY2VXblXK
127,1HfJyN1qKOFgrt
127,JNr0O7p6EhvCtb1iyJVqwmcZOwANK1RadvsS40c7m2HRaEp6clkBxRNyO6FAI
127,cOCu6A438G0z9Up5u8K
127,a88uzhMIRJBqRQ3yIzp36nRV9epgql7ZdNVIwNvgKVRSSOMw0
127,Ac0YtAkVWDkCpCReVg5yWVMrj7EzLBzU4q227CYhwgQQgQCnZE7
127,aw0uFiRROb4jbiCbyaJnDfuJ29GEqbx
127,J
127,6clz4SwpgpZzwEw1eu
127,cf9Ktbyqexmv2OsPA
127,0HdHWzfVk68F0ZUIevvq1Jx
127,P7cY4bhglogLWIBZLpXit4gZZjFfvieKtwG3LIyDlomYNmwqljJzsQ2C6Z6YegQ
127,IzgoH5XwMlkhoNBJVIn
127,VZ
127,MWQybDNw7EbLOo1fYceesiX0gl8nwoyjNuojj5LC5261LFKucL5TZ
127,1xqzeZ3zFplLNuxlZC7W4807j
127,aplzAf2LkjX69hn3tWO4bLjEurzgACx88lLMLfaHs1WXf
127,3tr76KAIStq
127,oTzmj0HMp2VUyPk
127,KLyOhHZ4By0OAUrzOEgFIrKubr
127,9Xa4Z9Z2BuoZEgo
127,9BHjnGr6iC4NOnS7H3ofMyyhz
127,cZXGOsnmkFFONDRfE1OrVpBOGceYcyNdVpyjraahoAEAnT2IcftYX5mCZZYwlQJw
127,bDt1SagIt8THMZsisM5JPxZ8VkAHQHdEeCgLWO
127,7K
127,mYmCpsGjuYy6A3h8TCvcSPn2dKyzO8uG8cZLMut2Erbp3Ynh76XJgw
127,aTGXoOnfDVWc9VPd9V
127,j7Int8oae4roo3zAR5zLQvLYmpVN6C5v2rWR0cDbCC9V
127,HAHQkvG1tX0BkBQiSoJhnyX
127,v6xTooioEgsjuDGuSi2tgJ7ExJfBN3k0GaMzWd7Qqk0KVfllocGRr
127,eObssEfv8VsIHxtCBOyAdEzNNa1CzsGLBfgMvkIuB
127,lim45Tt5uaNByZuFwQL5jLkGm5Jkj8DFp7vqXaHE
127,7yvsTbTvgu91cqweUDz
127,O3jwvDn7UPZ
127,xPCrid2
127,wsqd9BR4
127,mzqn4GLOgbyWK77cjrk1pFUTw9m2d3Li02QPUQwGU02KgEOJjJLszOzlNBkEg
127,rj0qZSN3n5oqvEyIPxsOKiOuo1ucrxF5EymvjMm6bMX32Sct
127,2dU7ZAVKyAnMndSU9IDrq4ZD2iyw4cPYfjVtkTVkYfJ3
127,wBEq03YbP1hGWETbMOveO2A6Si7hLg1aS77tlPCpVJtt5gb51z0t
127,B3Z6IFppYyOfuyglBVDdWsUiNAIYg
127,OwdTRAYdGihcZQHWyVsx3Ev42FXjLqBQu
127,x9C20Y8Scpc9lBygkWBpZTNn7xvRiNXmZboEaxk03z1r8KfmmU
127,tUejy0DYNBYrNGng9R6lnIHU6
127,9kexC4dhNfUUrQLrlnhLAaoXuVsK4mmos31A3xRWS2Jao0ZT4O9TPqxFIqbFw7o
127,PMIvtCUArqgoYv4Rc2GFFDjtlsdBXphQjvXwlOj9L3Z
127,eMGTnFJALQOHwCpYPQHKX7VvN5C
127,v6zPZRYMvIe
127,FC0ORKpy2mQyRA9sDbqKbiQIs
127,UGFWgX9yYQGTCKqdXeeynzQm6TyAZ
127,XFRw4N59yPxpdYBCqci1pXc6LHE1ncDRCZP9q
127,nXzW08gT
127,ytJezan4Wv
127,XQbA9wdwS0kUSGMTUDjXMQgJEYxURMnmksSAN
127,DThU3VE3SQM7WE7Ov4IgPErv55nEwA
127,6J7QTDXLlLxeqJ11MLl3SWW1VjBS8euVQa
127,cDGi18emrMrS5rYqqOIKncisf6WeoQ7edMjH
127,lzK5
127,r37IIFPaDveoEGVW
127,e3qMNQ
127,rzQp83OK2
127,h7nNwaYxgRbTJq1hOGjvbUHVZNLPAKEWD
127,EksJeD2uMu81fQn7c66bYoDpP2hOjSTVpco
127,TiiD88Rfp6zyuiYZ8V9GH1ySCYkoNNGf2jRsGASRdCeyeEwhPjX
127,62spL6RoEZoqmSzbGS9LDI7xE62JNgxStM7cfjCcM
127,UTJIffCYjmV4WpF3tfc2RqyQldDb
127,KRX5
127,kamXTvaBTM1VIuan2yL0Al2fdQhncUawj7vSVoZ4jtL3GWBPdFWBMmN0
127,5RFnvD
127,Nc8rYP6vasNGutqgEd66PuBWx4hbg4Ku
127,iMXV6RXeOEzArcTUsA3yspFnZMKcioIZGQAovezsvlGIcecttR
127,JUqFOyys4uG3rLp
127,ewGQy
127,5Rg1MbNZNvPq8WZzVDCYxc0lKlskk8jtoM3Knr
127,cHn6P17Znqsim8l2pA464oVfBNiOSv3KvMgrPwc0c
127,c0lqjoBJtRw6jHANR3rcXfxFows
127,SpJE0Pe2n7pGJAnsPpVxcPhrxm7v9v
127,aYxzhLViv8WrqyIgrcsADG6tGTcUnCbgo6an5D6kbleeawxDZnwArsPBTy
127,1Z0EGgM2vKuZ53XXt8HfxhDYxtbDGIlWVwA9DRmJ
127,N3hofSng3OonDYChDESErQIXDZEnnCPxX1CIhZ63TQWDAt9yHmPZxSjW
127,fJwlaciZHOLyqf6XY0fvIdxmFBkqS
127,rYZv2HsugH6SAVfoDETu4Wt8hTMtMMRLoVprDdxk4xeT9qqqEukJPRjqi48J9RI6
127,TEczOcD1apb6ZDs2sCz1GQkKEKAT6DYtos
127,7S4afVLNjlCrESdofaGcbJIhd59qQ
127,LL1B3rNJg8yB1L1bVpih5LDeskYFcs3
127,F9857DNVodIbcrD2Oi7eoF9V9ckgEIwVjcx0aKpSU7Q
127,fEd4kYuF8b42FscNHR86S1hroJwKVhviAaqhcvZLTlEBDlEP8dKEjLwxwipPiy7
127,4RXADwOVEAHKwaL5KYzJ
127,rfOEJOr2AX0vHM6qZM42M7ze4QuSft2uFfLl61VDUcr6BoXZ
127,Ddc4zEas
127,sQqDnhqJ6usk7eQa5HaYXfABkJbLCPYlwMgozxaSdYyUj6
127,sGoXHCcNnZ6fn5kR
127,50I61oNMcqq2WxaFsEoJPjzRiBbt9UGN3h9uSUcXcA3RmuP
127,J9
127,I47
127,0gxLkyMSNij1vJvpQy
127,MPQkiN3pECLf6EoxpzvsR6SrbU1riEY7HlrP8CGQ
127,kX0
127,yTJLe48iQymJkIU0jDweHFA7saZiEUwcfr4HHcshROJDmz6amMw6L5
127,thabZP0mheHqw0HXyk2Fk
127,eZUK3EwhF18QoiYJB7bgGkgHKo5rXS3O78xg
127,WdZpx0QvFsDU76a0WgrwOvFdvIp4Iq0MHPS4VsrppZNzVdSibgtN
127,HesLlW6RVnmkUyTEkIWyQ1C2Fu
127,ywlmLbgdJNu
127,8np
127,ebMJ8MfIDeN
127,ZSk
127,rBta6Fcx7FkZ2ENr2k5FtItG
127,IQty9WzieLyPnCRfcVPnxmKtE3W1iQaipUBn63eZh11DIxTiNBfHyM
127,IB6kmXQBlpjZyJCalSsW3kJKJhC6wf9dNw2
127,S0ReLZTybtxCiF4WWs0WV1cVeFMnNwQoao6Ml59MK
127,IuT6oRMxyWHOBG4bcd9duQRxAGlUx5tN1aHqpJyqcPbtWF
127,8NuZu3UJOE
127,khLVozGutK0OR1Tuxi6SHp0OQUP2jpDOdWXkMmuYVrxhh
127,QliLpv3qwZyG59YNpFbFYs3hjlZONR6gHFXqLg5KLi
127,C07qcZczsGeIGCQ936L6omHkOJxGV3F7OXc66Cx
127,obU5
127,o1NVKZPzdrfIz4tWTuLy8VAX0rrssCJ3Fl84aomAS265
127,OSAz4
127,ZLZPjgYnhk2yJvK9F6m9BRgTLGgzlXayPjqiaPiJraqD5AeFgZkegcSS
127,42dTYdkli3cAMo0FnWJ0JQahUrAiv
127,pe1N9EfD8Z
127,RaaS5v0hZ3BjXtpqkAXW1FcYIxeHjMOM2Ruj85W2keVGp5eTb
127,Mg9UmgDAEhhh
127,xL6sH6aXGHWu
127,LLbEcBElXXvr3fqnD4Kx8ia47
127,fAayGglgGYk
127,Jhux6eUq6ULsFc7xJ5V6Tg5T48z1j4h1yHISL
127,IQPZMsStszju8NlTWdOnAi
127,T2y
127,N8owOiSDaJb6qXZQ1I05wCW2PxefNpR1GaBPx22IB92B7SSYpMrSTeR
127,ZvtQSYzOH1u5KPpi9TZf5qfbrhnG
127,fPYgZz0RSQbTN4YTslRWMZtCejwE7IPMZOLdcUhXUJuSoWUbDB3HNMyoIpt
127,Ns3QbLyIVlF0X
127,SmtAMV76mVcDODVO2Of
127,CWl4wgMvdqaiO6ZhIx3Q
127,r4auXzoUtJAB75jVHRTStiJ2oIHkAaemr0iqCOsTVCFUAGrrF33ENUrQUFBM
127,BeWtXhslae0hnrvtYdyBUOaRm0bx8xTJyPDDYMLDOretoBScjOAcp7tjc9EUF
127,U7Ev6cU4piWYPRPX4fw10by0
127,WuA
127,ibeoZt6aNcOaU
127,2E9QIBImujUek1exMOb
127,RZE7uV6rTlvATeLyrwVlmUKB
127,Op
127,x1YF8LOyJYBq0M091eUE5yaLd5sPkoT
127,KJnlk4qKs
127,IYUSZKwlqvFtNMoJ5UrtqgTk
127,2WFOR8qSjtoABmywhO3AkwJZpyghGUPXkBbXUT6Ki
127,uAkrVJ1NH27x3ix3HeZs0ieEPCegr8KKdsUuLfPtKYKHcmoG
127,MwKNTFVo6WVUOcrpQG
127,BJXsYEcnWc4TurIgLKaqugEB2WvdK7ayeIInFGWczaYY2m5H32Ros3
127,XhBmBO2TihpOhi0AI6jHoDpbuf6fnmRi4M2D2firlAkc3mcIh9EjwTM21R
127,hrcCb0rUeTddHZh3bmiMuQGWIVDi88gWx08ZUApEpY
127,QJS2EQK
127,WoADDJUH5pasVuAteK
127,6wK
127,bzjQuD5DrUT9COSUvvSDyd8U3SQb9o8Ao6tmf7dyGdTdfJ85JkuQjAya0p
127,nVzWUhX1kgkerkIrV2FejcF
127,NC0T32GCdqLLuAZXASsrlYGMTAnAXS1CjWoKTIcRsVU5MII9g
127,N6i3ZQIXEvbxxGC47kXLJAqN8dHaF6F
127,E7j
127,KUAfXc3t9F8oUNXdosokwTzoBd8FIBoushv3
127,nD2EvgzUgT4aa8p7b5wnCq56EYKYKEaoPmX
127,QOwERlAcFN7wy055q2bepvwSV5
127,jtcTYDxCh7Vopnxghth
127,lnNW63RuwHROq96Vbg1i5V0COjXp
127,55lmScCp2ZLsZ0vGKv75zEMhqiILVuVtQ20OwN4
127,Tfr1v7AH73A9CZS6aYD9P0nhxCdM2jHCN
127,AwUxSKVUttRLStYQPsrpFKa7dC3rqGYva4ZRrlSbntLlQNa0BazHJr
127,FdLgYfUKl6f5tMloeKkq0JrUrXSYQzhWxUbSqAo5zt0hTO8CTGcu6
127,Vvab9iOTbwGLAEg2w8NgmzLN8LkP
127,k5lJ1
127,KQMbZn4SZ8mm3VsTH7AJAKSvmyXOBpvQpfGdg6MGCIbtXJImg6BIEwV
127,GTe7VuLMoxiH2NX1PKiR7Gi5k4b2thWypiGh
127,pTzmRS1v
127,ig9WyQR4P
127,tljFKo
127,eag7YfxDKeu80RpO6SNOiabaq5SDvmzp6B8ZWgre4
127,TlQgaCIk55ZPZGlXJV6oywgdVY8dgP9n7iCjFzgZHdJX1YAYzBs08tMh4y
127,sqQ49No8EnU9yxrfhLetQSOCc
127,3bOWu6Of1P6eUMkUFOYEHmjr27pYJC5HzTdemTV6xC7L4UafQFcdbPpqefhiR
127,Y9pmhBWvSeOTZCOAWT2OxFfQ5fAWd7f40mG7l5tGxjXZVS5fGX7zWNTw2H
127,gigi
127,uGM7iC0QcBv505mRqvqZ6xS07J1pJi0zIkPEaqxVFZh7
127,RGZTW2imLUwYLUQREDJSsndm6pPdTPFC2ATjNy3BtHbGhOnlVP0qzn
127,XgE4aWMMmPaCNcai1ZjYL
127,OE9pofwBqWUN5a8pgGRr46P5cqImfIsWqAi9aoVsrtni9pQUc
127,XbJ7pcXHedKn7fDvNjZfG1LTEZaf4OQb
127,zve
127,ZA4QIGpvPMcNcv68
127,orEshRgZCSMRC21SlFzqMoC3nexZnf1qLpbg22flQEGHQMSF0MHIO6br6Gs7iM
127,rBVKs4odMFZO4ivRu1REatkGhHuSpHOmiLJSV
127,X4btqHQXtNlimAV3eVeK471hFtvfY
127,JDIDUU5V7m6C0ml8oxrAVxswGmxkD
127,cLD9izyaGYBtAUBSOxpkqva8S1W4nAoL4k3yNxdzAzR5N
127,hPA9MaQrvVy3HpgIh0yVklGxQaWdQFidJ6PUwF
127,kpHhIIheWoVV1Z
127,CbBFZH8PHbKaaanc2M
127,sxsWydN8dSTZtdm6JRIMb5mIlWX7sfuQNpQU6x6BT4R8Tnk8up2H4j9Pl
127,n7oFN43
127,3j1mc7sHzAxJfau3Lq172Madc9PBT6gDO3VtUQxKhKXQ6SJ09dm5RHYjg1
127,ynlzkomp7oVbibQiMdvl09E6KAoAtU8FQz7DECvyuvd331NX
127,iTaOlmoGreno1mcQv4csJ0K78IzUoQpdEwjUAcoolXj
127,4AzdCtBwkgN2lpWvcxiOIRYnoEDo
127,HJSMKKS6n2UfE2nqlzuzZKw2KFUiyBCNPM2bbmoN
127,NU2OUSqoGEJrOGtd3OCGp3jzNM8PGb2ciXdoqJUWIPkltgv1WeHaW13
127,9fPQigTOQSByAG8tOTIZKs5vI5fQzm8Zdln5
127,TeX3rkRxyhOwfC1YUQFLRr0lAE48UHbdtLvYyhk69bZRTkBsrMPXv
127,FFdpjrIrBtp1lscwcjul23tMBGEOqd7shoBGIRmGVfOh4CERbgCF6Q7yxhT2q
127,wGrT9UeLyqpAD
127,KzA2qaS4wp8vCUVeNQbfusXQ5TbyAwTIHX68bMIDLp0GDh6E3c7Ya63d
127,S09uDTUFQnA7WRlecbVleyJ6y3O3cQA1geSVsA1mECvzwqX5gPsWwl1Q5qN6iDNr
127,vxcWIbgsrhdZ
127,2vPwYfWaJoLwilO2V8j4eE5MGTP6H85oS8ZJ8Ijyu9g6aOSnei9oYi
127,o5UieU6tyRmHLBGoQz1vQtbw8bgBgyIuFnBbLNKDrQihCrgH590
127,Lz0uYcdMAS2mZcYskHc8lmWRfjCAUj92UhQJwADetkFvc4nGOd7N2Nb1s
127,Bw1d0dML7Qq6ZHTDxAnBgjaBpqMFOlL23A8G2WojpO34STKgB81x8IHZYTt4
127,s8oB6Ta4nhoYH6zvZGmzO9Lll1bZ3F5WgkvUfPGZH020pBLT15zW
127,ZvK0rUl1qwTxPvFapgH80KVNoazps0zF0BjddK1dTXMgK
127,3jsLu
127,6mwWPxa8WXL04SSMGxqZxyrMgwaMMniqS6F6VEWHp9BOg8
127,yKdC
127,P8d3PzGC8Gw28xnIIBZvm0zOPvm9VYNMxWzsj27cF84zmFHAaSymUKoTtH
127,1Md66rZ8czoNUv2XE4joU58GSjzTOwDEOsc7eJcjWCPYFlAzisfmBjJ8QZw2y
127,8i70xNoQPiCiZa9P5RW9cAljNG5E5PaFnUMOrnqmUTbNp8dJ8HrvRX
127,nBeIA4a9pEmD0nlE9mWdSvP62PEdVKjBqMI
127,HmNnEgBekRJVARsQUPHZ
127,7Nzjs53aDDmpC15X8YyDENOe
127,oacuoEcvYqNWDj93tTDOnkY
127,36hnr3JQFHBK9nDxuIwQ7poSL5
127,yf8mVLqyNdppcWv0X2HDoe0enyQM2zYfxzkCQPpQSRUsAjiozK
127,ngPRChWzRXl5k1dslFs3iGwSCXA
127,NhQSSxgQhgwOJFmHrw28dYTcWv6Eo5kEcLA27rlOjKDjBYAEakhN5B5a77KE
127,W4KLoR4de
127,6LEwv2ENnfMHpVoHAK43qiiAaVJAXsdEt
127,VQnWu3AW2EtL7Jb0g8hst9EaGnSoAzsUmqIq6eJ7JxhBoBsPaZWDYsJFPH
127,WFFpRsbZqSmIorYekhQngCeo0JX00f9
127,uoCbqQg34wGavm5nTZ5BukQ4zjVpXws9x4RM1nAnX1g4WbrN4yNC
127,8bj4OADfNS8Ckwm0
127,jbyoiL2I4W9tdidoQy5PfVEw0fe
127,1mvgsMkyquxP
127,6jlirT8v1KvT5KwmQKK0nJ3qqTNfPvORDWZDsVLKjIMQQh7
127,rsivWEyjZ95cEeeyBQpCI3JWfd3pbhnWk
127,9tMBl2ZLLGT6GJvhVAP7vVaBApgLVLLY83NxAcRl31uJFK1s4Ir
127,1OgmrjOkoISBTHCtWNrEeS1OKerYvTKlIWZ5acMnMqfDnJDFHgY8qW1Qe0GuUqUD
127,3QlQ5vEvYKyLq37YGI4xuRTldM8sbFtDlGwhpHif4coyi21oE0WRYkPlwLpxu
127,y
127,KoULNoNsHWTMiWG6OmaS26NC1KMAP88NV
127,oJQGpkFqeRHKDxI56gRPgKApSDFjuJextJ2f
127,zesqFKFW8hC8INa
127,R8FWJEN
127,rrSSaAjtmb3pBaviCmOPPrOQhCHuyWCeEAX4mA4wYA3fezrzLncadLshZyMnkqa
127,52dUxjoPhiA3aUL9GHHwjuB7r22HFjjU3ufDsOtIsLru6h85nwPt
127,d3BBl1UE4BYTWXbErzGfs5saJGxlXa4vBxFQNHmpXlvYgisGtqSjQrl8IosgIC
127,hoB5
127,H3KAa
127,KfLpvpM32aivh7xCcT4kndZqSsAWFO8kX7H3AoyTVXTyYgBdPn4dL2XoJ
127,6IQM8ppOHx7OySIZrIDSgNujJrsJYnUoViLMoUxVlpYMvYOs
127,7H0Xg7VFvlrBCA
127,Sl
127,M7JdK7lah8BHrHjBSfvpyiZvkj8ghl41
127,0HAHhvGIK0JPIE4ieYIGXuhetmA1Yyj0Jw5gh88Qo5VGrgWcE0fzVwiQfu
127,EblrURjueUo0HblaeQBlPxLR3YjpsLkTtC0Pm0kARHgkQyrbKbPe3UoCyONd
127,g0qJsk557
127,P1Y
127,zY94o8twl0PQdBzzpfNwH2ZCSvJ9cBOn5
127,Tx38RTJcaAosJ7JHO89V6Im5XZW22Iew4l4yP69abY5bDY5
127,6V1NRs8XCBhHNPHznkpcBWzYppEm3p55w1eWCJ
127,9gY9mIKi9TXuFMcJVkYDftEvihiVPWJczvv4bI7C
127,g8hojKzZRl3Y0UErX93vQpShGP
127,ucjBp
127,iZWEjN2ZbU2
127,i9jXGjD3CB747YDs4paFAmBNrbBfWV3oSbn
127,VnQgDCmHTG7b9o0yDM1
127,iUQAPKQikqtCuBUqZc22ZFr4mV4lYYFuWNoVJPaw9cVdEVK
127,FoL0ySTGrhycdJKy4wGzTEYEM9dHUEsgBS2ZJm9LxrObiQmErMBoxm5Ixtc
127,eM8TUKeWh3LxqdFdnxn9JwgyL7Eqar1WjpJFpaf3R6Uj
127,m34pXaZZYuzU9I6Ox16d2cmd8GwXaePOQtySs
127,sweo90CcHhxU0GkdozRdNHgWMBuebzNYUaY5cV
127,UnBQ8ew9pXAohYDxu6mURHboAndPOKTxkuFwI
127,GnX0eewj4uOsXdAXSeFU1skZfsBfb
127,pJPi3kWwJ2ThpNTToRB5ZpHFzxr4334m49bhMc3DEVAOhF9H79cTGlPZ
127,bJr4db0kWPM3Ql6t2DLZQFYCx4uQbHokpp0Lpcst9kW4wR5EM
127,CRmRoJvjz9K05XQ2vKKBKQK4hdxh3dRnTtuHfN
127,mF0WekO5zbCWdY
